slot_id,date,time_window,fdh_id,available
SLOT-FDH-000-0-09:00-12:00,2026-08-05,09:00-12:00,FDH-000,True
SLOT-FDH-000-0-13:00-16:00,2026-08-05,13:00-16:00,FDH-000,True
SLOT-FDH-000-0-16:00-19:00,2026-08-05,16:00-19:00,FDH-000,False
SLOT-FDH-000-1-09:00-12:00,2026-08-06,09:00-12:00,FDH-000,True
SLOT-FDH-000-1-13:00-16:00,2026-08-06,13:00-16:00,FDH-000,True
SLOT-FDH-000-1-16:00-19:00,2026-08-06,16:00-19:00,FDH-000,True
SLOT-FDH-000-2-09:00-12:00,2026-08-07,09:00-12:00,FDH-000,True
SLOT-FDH-000-2-13:00-16:00,2026-08-07,13:00-16:00,FDH-000,True
SLOT-FDH-000-2-16:00-19:00,2026-08-07,16:00-19:00,FDH-000,True
SLOT-FDH-000-3-09:00-12:00,2026-08-08,09:00-12:00,FDH-000,True
SLOT-FDH-000-3-13:00-16:00,2026-08-08,13:00-16:00,FDH-000,True
SLOT-FDH-000-3-16:00-19:00,2026-08-08,16:00-19:00,FDH-000,True
SLOT-FDH-000-4-09:00-12:00,2026-08-09,09:00-12:00,FDH-000,True
SLOT-FDH-000-4-13:00-16:00,2026-08-09,13:00-16:00,FDH-000,True
SLOT-FDH-000-4-16:00-19:00,2026-08-09,16:00-19:00,FDH-000,True
SLOT-FDH-000-5-09:00-12:00,2026-08-10,09:00-12:00,FDH-000,False
SLOT-FDH-000-5-13:00-16:00,2026-08-10,13:00-16:00,FDH-000,False
SLOT-FDH-000-5-16:00-19:00,2026-08-10,16:00-19:00,FDH-000,False
SLOT-FDH-000-6-09:00-12:00,2026-08-11,09:00-12:00,FDH-000,True
SLOT-FDH-000-6-13:00-16:00,2026-08-11,13:00-16:00,FDH-000,True
SLOT-FDH-000-6-16:00-19:00,2026-08-11,16:00-19:00,FDH-000,True
SLOT-FDH-000-7-09:00-12:00,2026-08-12,09:00-12:00,FDH-000,True
SLOT-FDH-000-7-13:00-16:00,2026-08-12,13:00-16:00,FDH-000,True
SLOT-FDH-000-7-16:00-19:00,2026-08-12,16:00-19:00,FDH-000,True
SLOT-FDH-000-8-09:00-12:00,2026-08-13,09:00-12:00,FDH-000,True
SLOT-FDH-000-8-13:00-16:00,2026-08-13,13:00-16:00,FDH-000,True
SLOT-FDH-000-8-16:00-19:00,2026-08-13,16:00-19:00,FDH-000,False
SLOT-FDH-000-9-09:00-12:00,2026-08-14,09:00-12:00,FDH-000,True
SLOT-FDH-000-9-13:00-16:00,2026-08-14,13:00-16:00,FDH-000,True
SLOT-FDH-000-9-16:00-19:00,2026-08-14,16:00-19:00,FDH-000,True
SLOT-FDH-000-10-09:00-12:00,2026-08-15,09:00-12:00,FDH-000,True
SLOT-FDH-000-10-13:00-16:00,2026-08-15,13:00-16:00,FDH-000,False
SLOT-FDH-000-10-16:00-19:00,2026-08-15,16:00-19:00,FDH-000,True
SLOT-FDH-000-11-09:00-12:00,2026-08-16,09:00-12:00,FDH-000,True
SLOT-FDH-000-11-13:00-16:00,2026-08-16,13:00-16:00,FDH-000,True
SLOT-FDH-000-11-16:00-19:00,2026-08-16,16:00-19:00,FDH-000,False
SLOT-FDH-000-12-09:00-12:00,2026-08-17,09:00-12:00,FDH-000,False
SLOT-FDH-000-12-13:00-16:00,2026-08-17,13:00-16:00,FDH-000,True
SLOT-FDH-000-12-16:00-19:00,2026-08-17,16:00-19:00,FDH-000,True
SLOT-FDH-000-13-09:00-12:00,2026-08-18,09:00-12:00,FDH-000,True
SLOT-FDH-000-13-13:00-16:00,2026-08-18,13:00-16:00,FDH-000,True
SLOT-FDH-000-13-16:00-19:00,2026-08-18,16:00-19:00,FDH-000,True
SLOT-FDH-001-0-09:00-12:00,2026-08-05,09:00-12:00,FDH-001,True
SLOT-FDH-001-0-13:00-16:00,2026-08-05,13:00-16:00,FDH-001,True
SLOT-FDH-001-0-16:00-19:00,2026-08-05,16:00-19:00,FDH-001,True
SLOT-FDH-001-1-09:00-12:00,2026-08-06,09:00-12:00,FDH-001,True
SLOT-FDH-001-1-13:00-16:00,2026-08-06,13:00-16:00,FDH-001,True
SLOT-FDH-001-1-16:00-19:00,2026-08-06,16:00-19:00,FDH-001,True
SLOT-FDH-001-2-09:00-12:00,2026-08-07,09:00-12:00,FDH-001,True
SLOT-FDH-001-2-13:00-16:00,2026-08-07,13:00-16:00,FDH-001,True
SLOT-FDH-001-2-16:00-19:00,2026-08-07,16:00-19:00,FDH-001,True
SLOT-FDH-001-3-09:00-12:00,2026-08-08,09:00-12:00,FDH-001,True
SLOT-FDH-001-3-13:00-16:00,2026-08-08,13:00-16:00,FDH-001,False
SLOT-FDH-001-3-16:00-19:00,2026-08-08,16:00-19:00,FDH-001,True
SLOT-FDH-001-4-09:00-12:00,2026-08-09,09:00-12:00,FDH-001,True
SLOT-FDH-001-4-13:00-16:00,2026-08-09,13:00-16:00,FDH-001,True
SLOT-FDH-001-4-16:00-19:00,2026-08-09,16:00-19:00,FDH-001,True
SLOT-FDH-001-5-09:00-12:00,2026-08-10,09:00-12:00,FDH-001,True
SLOT-FDH-001-5-13:00-16:00,2026-08-10,13:00-16:00,FDH-001,True
SLOT-FDH-001-5-16:00-19:00,2026-08-10,16:00-19:00,FDH-001,True
SLOT-FDH-001-6-09:00-12:00,2026-08-11,09:00-12:00,FDH-001,True
SLOT-FDH-001-6-13:00-16:00,2026-08-11,13:00-16:00,FDH-001,True
SLOT-FDH-001-6-16:00-19:00,2026-08-11,16:00-19:00,FDH-001,False
SLOT-FDH-001-7-09:00-12:00,2026-08-12,09:00-12:00,FDH-001,True
SLOT-FDH-001-7-13:00-16:00,2026-08-12,13:00-16:00,FDH-001,True
SLOT-FDH-001-7-16:00-19:00,2026-08-12,16:00-19:00,FDH-001,True
SLOT-FDH-001-8-09:00-12:00,2026-08-13,09:00-12:00,FDH-001,False
SLOT-FDH-001-8-13:00-16:00,2026-08-13,13:00-16:00,FDH-001,True
SLOT-FDH-001-8-16:00-19:00,2026-08-13,16:00-19:00,FDH-001,True
SLOT-FDH-001-9-09:00-12:00,2026-08-14,09:00-12:00,FDH-001,True
SLOT-FDH-001-9-13:00-16:00,2026-08-14,13:00-16:00,FDH-001,False
SLOT-FDH-001-9-16:00-19:00,2026-08-14,16:00-19:00,FDH-001,False
SLOT-FDH-001-10-09:00-12:00,2026-08-15,09:00-12:00,FDH-001,True
SLOT-FDH-001-10-13:00-16:00,2026-08-15,13:00-16:00,FDH-001,True
SLOT-FDH-001-10-16:00-19:00,2026-08-15,16:00-19:00,FDH-001,True
SLOT-FDH-001-11-09:00-12:00,2026-08-16,09:00-12:00,FDH-001,True
SLOT-FDH-001-11-13:00-16:00,2026-08-16,13:00-16:00,FDH-001,False
SLOT-FDH-001-11-16:00-19:00,2026-08-16,16:00-19:00,FDH-001,True
SLOT-FDH-001-12-09:00-12:00,2026-08-17,09:00-12:00,FDH-001,False
SLOT-FDH-001-12-13:00-16:00,2026-08-17,13:00-16:00,FDH-001,True
SLOT-FDH-001-12-16:00-19:00,2026-08-17,16:00-19:00,FDH-001,True
SLOT-FDH-001-13-09:00-12:00,2026-08-18,09:00-12:00,FDH-001,True
SLOT-FDH-001-13-13:00-16:00,2026-08-18,13:00-16:00,FDH-001,True
SLOT-FDH-001-13-16:00-19:00,2026-08-18,16:00-19:00,FDH-001,True
SLOT-FDH-002-0-09:00-12:00,2026-08-05,09:00-12:00,FDH-002,True
SLOT-FDH-002-0-13:00-16:00,2026-08-05,13:00-16:00,FDH-002,True
SLOT-FDH-002-0-16:00-19:00,2026-08-05,16:00-19:00,FDH-002,True
SLOT-FDH-002-1-09:00-12:00,2026-08-06,09:00-12:00,FDH-002,True
SLOT-FDH-002-1-13:00-16:00,2026-08-06,13:00-16:00,FDH-002,True
SLOT-FDH-002-1-16:00-19:00,2026-08-06,16:00-19:00,FDH-002,False
SLOT-FDH-002-2-09:00-12:00,2026-08-07,09:00-12:00,FDH-002,True
SLOT-FDH-002-2-13:00-16:00,2026-08-07,13:00-16:00,FDH-002,True
SLOT-FDH-002-2-16:00-19:00,2026-08-07,16:00-19:00,FDH-002,True
SLOT-FDH-002-3-09:00-12:00,2026-08-08,09:00-12:00,FDH-002,True
SLOT-FDH-002-3-13:00-16:00,2026-08-08,13:00-16:00,FDH-002,True
SLOT-FDH-002-3-16:00-19:00,2026-08-08,16:00-19:00,FDH-002,True
SLOT-FDH-002-4-09:00-12:00,2026-08-09,09:00-12:00,FDH-002,True
SLOT-FDH-002-4-13:00-16:00,2026-08-09,13:00-16:00,FDH-002,True
SLOT-FDH-002-4-16:00-19:00,2026-08-09,16:00-19:00,FDH-002,True
SLOT-FDH-002-5-09:00-12:00,2026-08-10,09:00-12:00,FDH-002,True
SLOT-FDH-002-5-13:00-16:00,2026-08-10,13:00-16:00,FDH-002,True
SLOT-FDH-002-5-16:00-19:00,2026-08-10,16:00-19:00,FDH-002,False
SLOT-FDH-002-6-09:00-12:00,2026-08-11,09:00-12:00,FDH-002,True
SLOT-FDH-002-6-13:00-16:00,2026-08-11,13:00-16:00,FDH-002,True
SLOT-FDH-002-6-16:00-19:00,2026-08-11,16:00-19:00,FDH-002,True
SLOT-FDH-002-7-09:00-12:00,2026-08-12,09:00-12:00,FDH-002,True
SLOT-FDH-002-7-13:00-16:00,2026-08-12,13:00-16:00,FDH-002,True
SLOT-FDH-002-7-16:00-19:00,2026-08-12,16:00-19:00,FDH-002,True
SLOT-FDH-002-8-09:00-12:00,2026-08-13,09:00-12:00,FDH-002,True
SLOT-FDH-002-8-13:00-16:00,2026-08-13,13:00-16:00,FDH-002,True
SLOT-FDH-002-8-16:00-19:00,2026-08-13,16:00-19:00,FDH-002,True
SLOT-FDH-002-9-09:00-12:00,2026-08-14,09:00-12:00,FDH-002,True
SLOT-FDH-002-9-13:00-16:00,2026-08-14,13:00-16:00,FDH-002,False
SLOT-FDH-002-9-16:00-19:00,2026-08-14,16:00-19:00,FDH-002,True
SLOT-FDH-002-10-09:00-12:00,2026-08-15,09:00-12:00,FDH-002,True
SLOT-FDH-002-10-13:00-16:00,2026-08-15,13:00-16:00,FDH-002,False
SLOT-FDH-002-10-16:00-19:00,2026-08-15,16:00-19:00,FDH-002,True
SLOT-FDH-002-11-09:00-12:00,2026-08-16,09:00-12:00,FDH-002,True
SLOT-FDH-002-11-13:00-16:00,2026-08-16,13:00-16:00,FDH-002,True
SLOT-FDH-002-11-16:00-19:00,2026-08-16,16:00-19:00,FDH-002,True
SLOT-FDH-002-12-09:00-12:00,2026-08-17,09:00-12:00,FDH-002,True
SLOT-FDH-002-12-13:00-16:00,2026-08-17,13:00-16:00,FDH-002,True
SLOT-FDH-002-12-16:00-19:00,2026-08-17,16:00-19:00,FDH-002,True
SLOT-FDH-002-13-09:00-12:00,2026-08-18,09:00-12:00,FDH-002,True
SLOT-FDH-002-13-13:00-16:00,2026-08-18,13:00-16:00,FDH-002,True
SLOT-FDH-002-13-16:00-19:00,2026-08-18,16:00-19:00,FDH-002,True
SLOT-FDH-003-0-09:00-12:00,2026-08-05,09:00-12:00,FDH-003,True
SLOT-FDH-003-0-13:00-16:00,2026-08-05,13:00-16:00,FDH-003,True
SLOT-FDH-003-0-16:00-19:00,2026-08-05,16:00-19:00,FDH-003,True
SLOT-FDH-003-1-09:00-12:00,2026-08-06,09:00-12:00,FDH-003,True
SLOT-FDH-003-1-13:00-16:00,2026-08-06,13:00-16:00,FDH-003,True
SLOT-FDH-003-1-16:00-19:00,2026-08-06,16:00-19:00,FDH-003,True
SLOT-FDH-003-2-09:00-12:00,2026-08-07,09:00-12:00,FDH-003,True
SLOT-FDH-003-2-13:00-16:00,2026-08-07,13:00-16:00,FDH-003,True
SLOT-FDH-003-2-16:00-19:00,2026-08-07,16:00-19:00,FDH-003,True
SLOT-FDH-003-3-09:00-12:00,2026-08-08,09:00-12:00,FDH-003,True
SLOT-FDH-003-3-13:00-16:00,2026-08-08,13:00-16:00,FDH-003,True
SLOT-FDH-003-3-16:00-19:00,2026-08-08,16:00-19:00,FDH-003,False
SLOT-FDH-003-4-09:00-12:00,2026-08-09,09:00-12:00,FDH-003,False
SLOT-FDH-003-4-13:00-16:00,2026-08-09,13:00-16:00,FDH-003,False
SLOT-FDH-003-4-16:00-19:00,2026-08-09,16:00-19:00,FDH-003,False
SLOT-FDH-003-5-09:00-12:00,2026-08-10,09:00-12:00,FDH-003,False
SLOT-FDH-003-5-13:00-16:00,2026-08-10,13:00-16:00,FDH-003,True
SLOT-FDH-003-5-16:00-19:00,2026-08-10,16:00-19:00,FDH-003,False
SLOT-FDH-003-6-09:00-12:00,2026-08-11,09:00-12:00,FDH-003,True
SLOT-FDH-003-6-13:00-16:00,2026-08-11,13:00-16:00,FDH-003,True
SLOT-FDH-003-6-16:00-19:00,2026-08-11,16:00-19:00,FDH-003,True
SLOT-FDH-003-7-09:00-12:00,2026-08-12,09:00-12:00,FDH-003,True
SLOT-FDH-003-7-13:00-16:00,2026-08-12,13:00-16:00,FDH-003,True
SLOT-FDH-003-7-16:00-19:00,2026-08-12,16:00-19:00,FDH-003,True
SLOT-FDH-003-8-09:00-12:00,2026-08-13,09:00-12:00,FDH-003,False
SLOT-FDH-003-8-13:00-16:00,2026-08-13,13:00-16:00,FDH-003,False
SLOT-FDH-003-8-16:00-19:00,2026-08-13,16:00-19:00,FDH-003,True
SLOT-FDH-003-9-09:00-12:00,2026-08-14,09:00-12:00,FDH-003,True
SLOT-FDH-003-9-13:00-16:00,2026-08-14,13:00-16:00,FDH-003,False
SLOT-FDH-003-9-16:00-19:00,2026-08-14,16:00-19:00,FDH-003,True
SLOT-FDH-003-10-09:00-12:00,2026-08-15,09:00-12:00,FDH-003,True
SLOT-FDH-003-10-13:00-16:00,2026-08-15,13:00-16:00,FDH-003,True
SLOT-FDH-003-10-16:00-19:00,2026-08-15,16:00-19:00,FDH-003,False
SLOT-FDH-003-11-09:00-12:00,2026-08-16,09:00-12:00,FDH-003,False
SLOT-FDH-003-11-13:00-16:00,2026-08-16,13:00-16:00,FDH-003,True
SLOT-FDH-003-11-16:00-19:00,2026-08-16,16:00-19:00,FDH-003,False
SLOT-FDH-003-12-09:00-12:00,2026-08-17,09:00-12:00,FDH-003,False
SLOT-FDH-003-12-13:00-16:00,2026-08-17,13:00-16:00,FDH-003,True
SLOT-FDH-003-12-16:00-19:00,2026-08-17,16:00-19:00,FDH-003,True
SLOT-FDH-003-13-09:00-12:00,2026-08-18,09:00-12:00,FDH-003,True
SLOT-FDH-003-13-13:00-16:00,2026-08-18,13:00-16:00,FDH-003,True
SLOT-FDH-003-13-16:00-19:00,2026-08-18,16:00-19:00,FDH-003,True
SLOT-FDH-004-0-09:00-12:00,2026-08-05,09:00-12:00,FDH-004,True
SLOT-FDH-004-0-13:00-16:00,2026-08-05,13:00-16:00,FDH-004,True
SLOT-FDH-004-0-16:00-19:00,2026-08-05,16:00-19:00,FDH-004,False
SLOT-FDH-004-1-09:00-12:00,2026-08-06,09:00-12:00,FDH-004,True
SLOT-FDH-004-1-13:00-16:00,2026-08-06,13:00-16:00,FDH-004,False
SLOT-FDH-004-1-16:00-19:00,2026-08-06,16:00-19:00,FDH-004,True
SLOT-FDH-004-2-09:00-12:00,2026-08-07,09:00-12:00,FDH-004,False
SLOT-FDH-004-2-13:00-16:00,2026-08-07,13:00-16:00,FDH-004,True
SLOT-FDH-004-2-16:00-19:00,2026-08-07,16:00-19:00,FDH-004,True
SLOT-FDH-004-3-09:00-12:00,2026-08-08,09:00-12:00,FDH-004,True
SLOT-FDH-004-3-13:00-16:00,2026-08-08,13:00-16:00,FDH-004,True
SLOT-FDH-004-3-16:00-19:00,2026-08-08,16:00-19:00,FDH-004,True
SLOT-FDH-004-4-09:00-12:00,2026-08-09,09:00-12:00,FDH-004,True
SLOT-FDH-004-4-13:00-16:00,2026-08-09,13:00-16:00,FDH-004,True
SLOT-FDH-004-4-16:00-19:00,2026-08-09,16:00-19:00,FDH-004,False
SLOT-FDH-004-5-09:00-12:00,2026-08-10,09:00-12:00,FDH-004,True
SLOT-FDH-004-5-13:00-16:00,2026-08-10,13:00-16:00,FDH-004,True
SLOT-FDH-004-5-16:00-19:00,2026-08-10,16:00-19:00,FDH-004,True
SLOT-FDH-004-6-09:00-12:00,2026-08-11,09:00-12:00,FDH-004,True
SLOT-FDH-004-6-13:00-16:00,2026-08-11,13:00-16:00,FDH-004,True
SLOT-FDH-004-6-16:00-19:00,2026-08-11,16:00-19:00,FDH-004,True
SLOT-FDH-004-7-09:00-12:00,2026-08-12,09:00-12:00,FDH-004,True
SLOT-FDH-004-7-13:00-16:00,2026-08-12,13:00-16:00,FDH-004,True
SLOT-FDH-004-7-16:00-19:00,2026-08-12,16:00-19:00,FDH-004,True
SLOT-FDH-004-8-09:00-12:00,2026-08-13,09:00-12:00,FDH-004,False
SLOT-FDH-004-8-13:00-16:00,2026-08-13,13:00-16:00,FDH-004,True
SLOT-FDH-004-8-16:00-19:00,2026-08-13,16:00-19:00,FDH-004,True
SLOT-FDH-004-9-09:00-12:00,2026-08-14,09:00-12:00,FDH-004,True
SLOT-FDH-004-9-13:00-16:00,2026-08-14,13:00-16:00,FDH-004,True
SLOT-FDH-004-9-16:00-19:00,2026-08-14,16:00-19:00,FDH-004,False
SLOT-FDH-004-10-09:00-12:00,2026-08-15,09:00-12:00,FDH-004,True
SLOT-FDH-004-10-13:00-16:00,2026-08-15,13:00-16:00,FDH-004,False
SLOT-FDH-004-10-16:00-19:00,2026-08-15,16:00-19:00,FDH-004,False
SLOT-FDH-004-11-09:00-12:00,2026-08-16,09:00-12:00,FDH-004,True
SLOT-FDH-004-11-13:00-16:00,2026-08-16,13:00-16:00,FDH-004,False
SLOT-FDH-004-11-16:00-19:00,2026-08-16,16:00-19:00,FDH-004,True
SLOT-FDH-004-12-09:00-12:00,2026-08-17,09:00-12:00,FDH-004,True
SLOT-FDH-004-12-13:00-16:00,2026-08-17,13:00-16:00,FDH-004,True
SLOT-FDH-004-12-16:00-19:00,2026-08-17,16:00-19:00,FDH-004,True
SLOT-FDH-004-13-09:00-12:00,2026-08-18,09:00-12:00,FDH-004,True
SLOT-FDH-004-13-13:00-16:00,2026-08-18,13:00-16:00,FDH-004,True
SLOT-FDH-004-13-16:00-19:00,2026-08-18,16:00-19:00,FDH-004,True
SLOT-FDH-005-0-09:00-12:00,2026-08-05,09:00-12:00,FDH-005,False
SLOT-FDH-005-0-13:00-16:00,2026-08-05,13:00-16:00,FDH-005,False
SLOT-FDH-005-0-16:00-19:00,2026-08-05,16:00-19:00,FDH-005,True
SLOT-FDH-005-1-09:00-12:00,2026-08-06,09:00-12:00,FDH-005,True
SLOT-FDH-005-1-13:00-16:00,2026-08-06,13:00-16:00,FDH-005,False
SLOT-FDH-005-1-16:00-19:00,2026-08-06,16:00-19:00,FDH-005,True
SLOT-FDH-005-2-09:00-12:00,2026-08-07,09:00-12:00,FDH-005,True
SLOT-FDH-005-2-13:00-16:00,2026-08-07,13:00-16:00,FDH-005,True
SLOT-FDH-005-2-16:00-19:00,2026-08-07,16:00-19:00,FDH-005,True
SLOT-FDH-005-3-09:00-12:00,2026-08-08,09:00-12:00,FDH-005,True
SLOT-FDH-005-3-13:00-16:00,2026-08-08,13:00-16:00,FDH-005,True
SLOT-FDH-005-3-16:00-19:00,2026-08-08,16:00-19:00,FDH-005,True
SLOT-FDH-005-4-09:00-12:00,2026-08-09,09:00-12:00,FDH-005,True
SLOT-FDH-005-4-13:00-16:00,2026-08-09,13:00-16:00,FDH-005,True
SLOT-FDH-005-4-16:00-19:00,2026-08-09,16:00-19:00,FDH-005,True
SLOT-FDH-005-5-09:00-12:00,2026-08-10,09:00-12:00,FDH-005,True
SLOT-FDH-005-5-13:00-16:00,2026-08-10,13:00-16:00,FDH-005,True
SLOT-FDH-005-5-16:00-19:00,2026-08-10,16:00-19:00,FDH-005,False
SLOT-FDH-005-6-09:00-12:00,2026-08-11,09:00-12:00,FDH-005,True
SLOT-FDH-005-6-13:00-16:00,2026-08-11,13:00-16:00,FDH-005,True
SLOT-FDH-005-6-16:00-19:00,2026-08-11,16:00-19:00,FDH-005,False
SLOT-FDH-005-7-09:00-12:00,2026-08-12,09:00-12:00,FDH-005,False
SLOT-FDH-005-7-13:00-16:00,2026-08-12,13:00-16:00,FDH-005,False
SLOT-FDH-005-7-16:00-19:00,2026-08-12,16:00-19:00,FDH-005,True
SLOT-FDH-005-8-09:00-12:00,2026-08-13,09:00-12:00,FDH-005,True
SLOT-FDH-005-8-13:00-16:00,2026-08-13,13:00-16:00,FDH-005,True
SLOT-FDH-005-8-16:00-19:00,2026-08-13,16:00-19:00,FDH-005,True
SLOT-FDH-005-9-09:00-12:00,2026-08-14,09:00-12:00,FDH-005,True
SLOT-FDH-005-9-13:00-16:00,2026-08-14,13:00-16:00,FDH-005,True
SLOT-FDH-005-9-16:00-19:00,2026-08-14,16:00-19:00,FDH-005,True
SLOT-FDH-005-10-09:00-12:00,2026-08-15,09:00-12:00,FDH-005,True
SLOT-FDH-005-10-13:00-16:00,2026-08-15,13:00-16:00,FDH-005,True
SLOT-FDH-005-10-16:00-19:00,2026-08-15,16:00-19:00,FDH-005,True
SLOT-FDH-005-11-09:00-12:00,2026-08-16,09:00-12:00,FDH-005,True
SLOT-FDH-005-11-13:00-16:00,2026-08-16,13:00-16:00,FDH-005,True
SLOT-FDH-005-11-16:00-19:00,2026-08-16,16:00-19:00,FDH-005,True
SLOT-FDH-005-12-09:00-12:00,2026-08-17,09:00-12:00,FDH-005,True
SLOT-FDH-005-12-13:00-16:00,2026-08-17,13:00-16:00,FDH-005,True
SLOT-FDH-005-12-16:00-19:00,2026-08-17,16:00-19:00,FDH-005,False
SLOT-FDH-005-13-09:00-12:00,2026-08-18,09:00-12:00,FDH-005,False
SLOT-FDH-005-13-13:00-16:00,2026-08-18,13:00-16:00,FDH-005,True
SLOT-FDH-005-13-16:00-19:00,2026-08-18,16:00-19:00,FDH-005,True
SLOT-FDH-006-0-09:00-12:00,2026-08-05,09:00-12:00,FDH-006,True
SLOT-FDH-006-0-13:00-16:00,2026-08-05,13:00-16:00,FDH-006,True
SLOT-FDH-006-0-16:00-19:00,2026-08-05,16:00-19:00,FDH-006,True
SLOT-FDH-006-1-09:00-12:00,2026-08-06,09:00-12:00,FDH-006,True
SLOT-FDH-006-1-13:00-16:00,2026-08-06,13:00-16:00,FDH-006,True
SLOT-FDH-006-1-16:00-19:00,2026-08-06,16:00-19:00,FDH-006,True
SLOT-FDH-006-2-09:00-12:00,2026-08-07,09:00-12:00,FDH-006,True
SLOT-FDH-006-2-13:00-16:00,2026-08-07,13:00-16:00,FDH-006,True
SLOT-FDH-006-2-16:00-19:00,2026-08-07,16:00-19:00,FDH-006,True
SLOT-FDH-006-3-09:00-12:00,2026-08-08,09:00-12:00,FDH-006,True
SLOT-FDH-006-3-13:00-16:00,2026-08-08,13:00-16:00,FDH-006,True
SLOT-FDH-006-3-16:00-19:00,2026-08-08,16:00-19:00,FDH-006,False
SLOT-FDH-006-4-09:00-12:00,2026-08-09,09:00-12:00,FDH-006,False
SLOT-FDH-006-4-13:00-16:00,2026-08-09,13:00-16:00,FDH-006,False
SLOT-FDH-006-4-16:00-19:00,2026-08-09,16:00-19:00,FDH-006,True
SLOT-FDH-006-5-09:00-12:00,2026-08-10,09:00-12:00,FDH-006,True
SLOT-FDH-006-5-13:00-16:00,2026-08-10,13:00-16:00,FDH-006,True
SLOT-FDH-006-5-16:00-19:00,2026-08-10,16:00-19:00,FDH-006,True
SLOT-FDH-006-6-09:00-12:00,2026-08-11,09:00-12:00,FDH-006,True
SLOT-FDH-006-6-13:00-16:00,2026-08-11,13:00-16:00,FDH-006,True
SLOT-FDH-006-6-16:00-19:00,2026-08-11,16:00-19:00,FDH-006,False
SLOT-FDH-006-7-09:00-12:00,2026-08-12,09:00-12:00,FDH-006,True
SLOT-FDH-006-7-13:00-16:00,2026-08-12,13:00-16:00,FDH-006,True
SLOT-FDH-006-7-16:00-19:00,2026-08-12,16:00-19:00,FDH-006,True
SLOT-FDH-006-8-09:00-12:00,2026-08-13,09:00-12:00,FDH-006,True
SLOT-FDH-006-8-13:00-16:00,2026-08-13,13:00-16:00,FDH-006,True
SLOT-FDH-006-8-16:00-19:00,2026-08-13,16:00-19:00,FDH-006,True
SLOT-FDH-006-9-09:00-12:00,2026-08-14,09:00-12:00,FDH-006,True
SLOT-FDH-006-9-13:00-16:00,2026-08-14,13:00-16:00,FDH-006,True
SLOT-FDH-006-9-16:00-19:00,2026-08-14,16:00-19:00,FDH-006,True
SLOT-FDH-006-10-09:00-12:00,2026-08-15,09:00-12:00,FDH-006,True
SLOT-FDH-006-10-13:00-16:00,2026-08-15,13:00-16:00,FDH-006,True
SLOT-FDH-006-10-16:00-19:00,2026-08-15,16:00-19:00,FDH-006,True
SLOT-FDH-006-11-09:00-12:00,2026-08-16,09:00-12:00,FDH-006,True
SLOT-FDH-006-11-13:00-16:00,2026-08-16,13:00-16:00,FDH-006,True
SLOT-FDH-006-11-16:00-19:00,2026-08-16,16:00-19:00,FDH-006,False
SLOT-FDH-006-12-09:00-12:00,2026-08-17,09:00-12:00,FDH-006,True
SLOT-FDH-006-12-13:00-16:00,2026-08-17,13:00-16:00,FDH-006,True
SLOT-FDH-006-12-16:00-19:00,2026-08-17,16:00-19:00,FDH-006,True
SLOT-FDH-006-13-09:00-12:00,2026-08-18,09:00-12:00,FDH-006,True
SLOT-FDH-006-13-13:00-16:00,2026-08-18,13:00-16:00,FDH-006,True
SLOT-FDH-006-13-16:00-19:00,2026-08-18,16:00-19:00,FDH-006,True
SLOT-FDH-007-0-09:00-12:00,2026-08-05,09:00-12:00,FDH-007,True
SLOT-FDH-007-0-13:00-16:00,2026-08-05,13:00-16:00,FDH-007,False
SLOT-FDH-007-0-16:00-19:00,2026-08-05,16:00-19:00,FDH-007,True
SLOT-FDH-007-1-09:00-12:00,2026-08-06,09:00-12:00,FDH-007,False
SLOT-FDH-007-1-13:00-16:00,2026-08-06,13:00-16:00,FDH-007,True
SLOT-FDH-007-1-16:00-19:00,2026-08-06,16:00-19:00,FDH-007,True
SLOT-FDH-007-2-09:00-12:00,2026-08-07,09:00-12:00,FDH-007,True
SLOT-FDH-007-2-13:00-16:00,2026-08-07,13:00-16:00,FDH-007,True
SLOT-FDH-007-2-16:00-19:00,2026-08-07,16:00-19:00,FDH-007,False
SLOT-FDH-007-3-09:00-12:00,2026-08-08,09:00-12:00,FDH-007,False
SLOT-FDH-007-3-13:00-16:00,2026-08-08,13:00-16:00,FDH-007,True
SLOT-FDH-007-3-16:00-19:00,2026-08-08,16:00-19:00,FDH-007,True
SLOT-FDH-007-4-09:00-12:00,2026-08-09,09:00-12:00,FDH-007,False
SLOT-FDH-007-4-13:00-16:00,2026-08-09,13:00-16:00,FDH-007,True
SLOT-FDH-007-4-16:00-19:00,2026-08-09,16:00-19:00,FDH-007,True
SLOT-FDH-007-5-09:00-12:00,2026-08-10,09:00-12:00,FDH-007,True
SLOT-FDH-007-5-13:00-16:00,2026-08-10,13:00-16:00,FDH-007,True
SLOT-FDH-007-5-16:00-19:00,2026-08-10,16:00-19:00,FDH-007,True
SLOT-FDH-007-6-09:00-12:00,2026-08-11,09:00-12:00,FDH-007,True
SLOT-FDH-007-6-13:00-16:00,2026-08-11,13:00-16:00,FDH-007,True
SLOT-FDH-007-6-16:00-19:00,2026-08-11,16:00-19:00,FDH-007,True
SLOT-FDH-007-7-09:00-12:00,2026-08-12,09:00-12:00,FDH-007,True
SLOT-FDH-007-7-13:00-16:00,2026-08-12,13:00-16:00,FDH-007,True
SLOT-FDH-007-7-16:00-19:00,2026-08-12,16:00-19:00,FDH-007,True
SLOT-FDH-007-8-09:00-12:00,2026-08-13,09:00-12:00,FDH-007,False
SLOT-FDH-007-8-13:00-16:00,2026-08-13,13:00-16:00,FDH-007,True
SLOT-FDH-007-8-16:00-19:00,2026-08-13,16:00-19:00,FDH-007,True
SLOT-FDH-007-9-09:00-12:00,2026-08-14,09:00-12:00,FDH-007,True
SLOT-FDH-007-9-13:00-16:00,2026-08-14,13:00-16:00,FDH-007,False
SLOT-FDH-007-9-16:00-19:00,2026-08-14,16:00-19:00,FDH-007,True
SLOT-FDH-007-10-09:00-12:00,2026-08-15,09:00-12:00,FDH-007,False
SLOT-FDH-007-10-13:00-16:00,2026-08-15,13:00-16:00,FDH-007,True
SLOT-FDH-007-10-16:00-19:00,2026-08-15,16:00-19:00,FDH-007,True
SLOT-FDH-007-11-09:00-12:00,2026-08-16,09:00-12:00,FDH-007,True
SLOT-FDH-007-11-13:00-16:00,2026-08-16,13:00-16:00,FDH-007,False
SLOT-FDH-007-11-16:00-19:00,2026-08-16,16:00-19:00,FDH-007,True
SLOT-FDH-007-12-09:00-12:00,2026-08-17,09:00-12:00,FDH-007,True
SLOT-FDH-007-12-13:00-16:00,2026-08-17,13:00-16:00,FDH-007,True
SLOT-FDH-007-12-16:00-19:00,2026-08-17,16:00-19:00,FDH-007,True
SLOT-FDH-007-13-09:00-12:00,2026-08-18,09:00-12:00,FDH-007,True
SLOT-FDH-007-13-13:00-16:00,2026-08-18,13:00-16:00,FDH-007,True
SLOT-FDH-007-13-16:00-19:00,2026-08-18,16:00-19:00,FDH-007,False
SLOT-FDH-008-0-09:00-12:00,2026-08-05,09:00-12:00,FDH-008,False
SLOT-FDH-008-0-13:00-16:00,2026-08-05,13:00-16:00,FDH-008,True
SLOT-FDH-008-0-16:00-19:00,2026-08-05,16:00-19:00,FDH-008,False
SLOT-FDH-008-1-09:00-12:00,2026-08-06,09:00-12:00,FDH-008,True
SLOT-FDH-008-1-13:00-16:00,2026-08-06,13:00-16:00,FDH-008,False
SLOT-FDH-008-1-16:00-19:00,2026-08-06,16:00-19:00,FDH-008,True
SLOT-FDH-008-2-09:00-12:00,2026-08-07,09:00-12:00,FDH-008,True
SLOT-FDH-008-2-13:00-16:00,2026-08-07,13:00-16:00,FDH-008,True
SLOT-FDH-008-2-16:00-19:00,2026-08-07,16:00-19:00,FDH-008,True
SLOT-FDH-008-3-09:00-12:00,2026-08-08,09:00-12:00,FDH-008,True
SLOT-FDH-008-3-13:00-16:00,2026-08-08,13:00-16:00,FDH-008,False
SLOT-FDH-008-3-16:00-19:00,2026-08-08,16:00-19:00,FDH-008,False
SLOT-FDH-008-4-09:00-12:00,2026-08-09,09:00-12:00,FDH-008,True
SLOT-FDH-008-4-13:00-16:00,2026-08-09,13:00-16:00,FDH-008,True
SLOT-FDH-008-4-16:00-19:00,2026-08-09,16:00-19:00,FDH-008,True
SLOT-FDH-008-5-09:00-12:00,2026-08-10,09:00-12:00,FDH-008,True
SLOT-FDH-008-5-13:00-16:00,2026-08-10,13:00-16:00,FDH-008,False
SLOT-FDH-008-5-16:00-19:00,2026-08-10,16:00-19:00,FDH-008,True
SLOT-FDH-008-6-09:00-12:00,2026-08-11,09:00-12:00,FDH-008,True
SLOT-FDH-008-6-13:00-16:00,2026-08-11,13:00-16:00,FDH-008,True
SLOT-FDH-008-6-16:00-19:00,2026-08-11,16:00-19:00,FDH-008,False
SLOT-FDH-008-7-09:00-12:00,2026-08-12,09:00-12:00,FDH-008,True
SLOT-FDH-008-7-13:00-16:00,2026-08-12,13:00-16:00,FDH-008,False
SLOT-FDH-008-7-16:00-19:00,2026-08-12,16:00-19:00,FDH-008,False
SLOT-FDH-008-8-09:00-12:00,2026-08-13,09:00-12:00,FDH-008,True
SLOT-FDH-008-8-13:00-16:00,2026-08-13,13:00-16:00,FDH-008,True
SLOT-FDH-008-8-16:00-19:00,2026-08-13,16:00-19:00,FDH-008,True
SLOT-FDH-008-9-09:00-12:00,2026-08-14,09:00-12:00,FDH-008,False
SLOT-FDH-008-9-13:00-16:00,2026-08-14,13:00-16:00,FDH-008,True
SLOT-FDH-008-9-16:00-19:00,2026-08-14,16:00-19:00,FDH-008,True
SLOT-FDH-008-10-09:00-12:00,2026-08-15,09:00-12:00,FDH-008,True
SLOT-FDH-008-10-13:00-16:00,2026-08-15,13:00-16:00,FDH-008,True
SLOT-FDH-008-10-16:00-19:00,2026-08-15,16:00-19:00,FDH-008,True
SLOT-FDH-008-11-09:00-12:00,2026-08-16,09:00-12:00,FDH-008,True
SLOT-FDH-008-11-13:00-16:00,2026-08-16,13:00-16:00,FDH-008,True
SLOT-FDH-008-11-16:00-19:00,2026-08-16,16:00-19:00,FDH-008,False
SLOT-FDH-008-12-09:00-12:00,2026-08-17,09:00-12:00,FDH-008,True
SLOT-FDH-008-12-13:00-16:00,2026-08-17,13:00-16:00,FDH-008,True
SLOT-FDH-008-12-16:00-19:00,2026-08-17,16:00-19:00,FDH-008,True
SLOT-FDH-008-13-09:00-12:00,2026-08-18,09:00-12:00,FDH-008,True
SLOT-FDH-008-13-13:00-16:00,2026-08-18,13:00-16:00,FDH-008,True
SLOT-FDH-008-13-16:00-19:00,2026-08-18,16:00-19:00,FDH-008,False
SLOT-FDH-009-0-09:00-12:00,2026-08-05,09:00-12:00,FDH-009,True
SLOT-FDH-009-0-13:00-16:00,2026-08-05,13:00-16:00,FDH-009,True
SLOT-FDH-009-0-16:00-19:00,2026-08-05,16:00-19:00,FDH-009,False
SLOT-FDH-009-1-09:00-12:00,2026-08-06,09:00-12:00,FDH-009,True
SLOT-FDH-009-1-13:00-16:00,2026-08-06,13:00-16:00,FDH-009,False
SLOT-FDH-009-1-16:00-19:00,2026-08-06,16:00-19:00,FDH-009,True
SLOT-FDH-009-2-09:00-12:00,2026-08-07,09:00-12:00,FDH-009,True
SLOT-FDH-009-2-13:00-16:00,2026-08-07,13:00-16:00,FDH-009,True
SLOT-FDH-009-2-16:00-19:00,2026-08-07,16:00-19:00,FDH-009,True
SLOT-FDH-009-3-09:00-12:00,2026-08-08,09:00-12:00,FDH-009,True
SLOT-FDH-009-3-13:00-16:00,2026-08-08,13:00-16:00,FDH-009,True
SLOT-FDH-009-3-16:00-19:00,2026-08-08,16:00-19:00,FDH-009,True
SLOT-FDH-009-4-09:00-12:00,2026-08-09,09:00-12:00,FDH-009,False
SLOT-FDH-009-4-13:00-16:00,2026-08-09,13:00-16:00,FDH-009,True
SLOT-FDH-009-4-16:00-19:00,2026-08-09,16:00-19:00,FDH-009,True
SLOT-FDH-009-5-09:00-12:00,2026-08-10,09:00-12:00,FDH-009,True
SLOT-FDH-009-5-13:00-16:00,2026-08-10,13:00-16:00,FDH-009,False
SLOT-FDH-009-5-16:00-19:00,2026-08-10,16:00-19:00,FDH-009,True
SLOT-FDH-009-6-09:00-12:00,2026-08-11,09:00-12:00,FDH-009,False
SLOT-FDH-009-6-13:00-16:00,2026-08-11,13:00-16:00,FDH-009,True
SLOT-FDH-009-6-16:00-19:00,2026-08-11,16:00-19:00,FDH-009,True
SLOT-FDH-009-7-09:00-12:00,2026-08-12,09:00-12:00,FDH-009,True
SLOT-FDH-009-7-13:00-16:00,2026-08-12,13:00-16:00,FDH-009,True
SLOT-FDH-009-7-16:00-19:00,2026-08-12,16:00-19:00,FDH-009,False
SLOT-FDH-009-8-09:00-12:00,2026-08-13,09:00-12:00,FDH-009,True
SLOT-FDH-009-8-13:00-16:00,2026-08-13,13:00-16:00,FDH-009,False
SLOT-FDH-009-8-16:00-19:00,2026-08-13,16:00-19:00,FDH-009,False
SLOT-FDH-009-9-09:00-12:00,2026-08-14,09:00-12:00,FDH-009,True
SLOT-FDH-009-9-13:00-16:00,2026-08-14,13:00-16:00,FDH-009,False
SLOT-FDH-009-9-16:00-19:00,2026-08-14,16:00-19:00,FDH-009,True
SLOT-FDH-009-10-09:00-12:00,2026-08-15,09:00-12:00,FDH-009,False
SLOT-FDH-009-10-13:00-16:00,2026-08-15,13:00-16:00,FDH-009,True
SLOT-FDH-009-10-16:00-19:00,2026-08-15,16:00-19:00,FDH-009,True
SLOT-FDH-009-11-09:00-12:00,2026-08-16,09:00-12:00,FDH-009,False
SLOT-FDH-009-11-13:00-16:00,2026-08-16,13:00-16:00,FDH-009,True
SLOT-FDH-009-11-16:00-19:00,2026-08-16,16:00-19:00,FDH-009,True
SLOT-FDH-009-12-09:00-12:00,2026-08-17,09:00-12:00,FDH-009,True
SLOT-FDH-009-12-13:00-16:00,2026-08-17,13:00-16:00,FDH-009,False
SLOT-FDH-009-12-16:00-19:00,2026-08-17,16:00-19:00,FDH-009,True
SLOT-FDH-009-13-09:00-12:00,2026-08-18,09:00-12:00,FDH-009,True
SLOT-FDH-009-13-13:00-16:00,2026-08-18,13:00-16:00,FDH-009,True
SLOT-FDH-009-13-16:00-19:00,2026-08-18,16:00-19:00,FDH-009,True
SLOT-FDH-010-0-09:00-12:00,2026-08-05,09:00-12:00,FDH-010,True
SLOT-FDH-010-0-13:00-16:00,2026-08-05,13:00-16:00,FDH-010,True
SLOT-FDH-010-0-16:00-19:00,2026-08-05,16:00-19:00,FDH-010,True
SLOT-FDH-010-1-09:00-12:00,2026-08-06,09:00-12:00,FDH-010,True
SLOT-FDH-010-1-13:00-16:00,2026-08-06,13:00-16:00,FDH-010,True
SLOT-FDH-010-1-16:00-19:00,2026-08-06,16:00-19:00,FDH-010,True
SLOT-FDH-010-2-09:00-12:00,2026-08-07,09:00-12:00,FDH-010,True
SLOT-FDH-010-2-13:00-16:00,2026-08-07,13:00-16:00,FDH-010,True
SLOT-FDH-010-2-16:00-19:00,2026-08-07,16:00-19:00,FDH-010,True
SLOT-FDH-010-3-09:00-12:00,2026-08-08,09:00-12:00,FDH-010,True
SLOT-FDH-010-3-13:00-16:00,2026-08-08,13:00-16:00,FDH-010,False
SLOT-FDH-010-3-16:00-19:00,2026-08-08,16:00-19:00,FDH-010,True
SLOT-FDH-010-4-09:00-12:00,2026-08-09,09:00-12:00,FDH-010,True
SLOT-FDH-010-4-13:00-16:00,2026-08-09,13:00-16:00,FDH-010,True
SLOT-FDH-010-4-16:00-19:00,2026-08-09,16:00-19:00,FDH-010,False
SLOT-FDH-010-5-09:00-12:00,2026-08-10,09:00-12:00,FDH-010,True
SLOT-FDH-010-5-13:00-16:00,2026-08-10,13:00-16:00,FDH-010,True
SLOT-FDH-010-5-16:00-19:00,2026-08-10,16:00-19:00,FDH-010,True
SLOT-FDH-010-6-09:00-12:00,2026-08-11,09:00-12:00,FDH-010,True
SLOT-FDH-010-6-13:00-16:00,2026-08-11,13:00-16:00,FDH-010,False
SLOT-FDH-010-6-16:00-19:00,2026-08-11,16:00-19:00,FDH-010,True
SLOT-FDH-010-7-09:00-12:00,2026-08-12,09:00-12:00,FDH-010,True
SLOT-FDH-010-7-13:00-16:00,2026-08-12,13:00-16:00,FDH-010,True
SLOT-FDH-010-7-16:00-19:00,2026-08-12,16:00-19:00,FDH-010,True
SLOT-FDH-010-8-09:00-12:00,2026-08-13,09:00-12:00,FDH-010,True
SLOT-FDH-010-8-13:00-16:00,2026-08-13,13:00-16:00,FDH-010,True
SLOT-FDH-010-8-16:00-19:00,2026-08-13,16:00-19:00,FDH-010,True
SLOT-FDH-010-9-09:00-12:00,2026-08-14,09:00-12:00,FDH-010,True
SLOT-FDH-010-9-13:00-16:00,2026-08-14,13:00-16:00,FDH-010,True
SLOT-FDH-010-9-16:00-19:00,2026-08-14,16:00-19:00,FDH-010,False
SLOT-FDH-010-10-09:00-12:00,2026-08-15,09:00-12:00,FDH-010,True
SLOT-FDH-010-10-13:00-16:00,2026-08-15,13:00-16:00,FDH-010,True
SLOT-FDH-010-10-16:00-19:00,2026-08-15,16:00-19:00,FDH-010,True
SLOT-FDH-010-11-09:00-12:00,2026-08-16,09:00-12:00,FDH-010,True
SLOT-FDH-010-11-13:00-16:00,2026-08-16,13:00-16:00,FDH-010,False
SLOT-FDH-010-11-16:00-19:00,2026-08-16,16:00-19:00,FDH-010,True
SLOT-FDH-010-12-09:00-12:00,2026-08-17,09:00-12:00,FDH-010,True
SLOT-FDH-010-12-13:00-16:00,2026-08-17,13:00-16:00,FDH-010,True
SLOT-FDH-010-12-16:00-19:00,2026-08-17,16:00-19:00,FDH-010,True
SLOT-FDH-010-13-09:00-12:00,2026-08-18,09:00-12:00,FDH-010,True
SLOT-FDH-010-13-13:00-16:00,2026-08-18,13:00-16:00,FDH-010,True
SLOT-FDH-010-13-16:00-19:00,2026-08-18,16:00-19:00,FDH-010,False
SLOT-FDH-011-0-09:00-12:00,2026-08-05,09:00-12:00,FDH-011,True
SLOT-FDH-011-0-13:00-16:00,2026-08-05,13:00-16:00,FDH-011,False
SLOT-FDH-011-0-16:00-19:00,2026-08-05,16:00-19:00,FDH-011,True
SLOT-FDH-011-1-09:00-12:00,2026-08-06,09:00-12:00,FDH-011,True
SLOT-FDH-011-1-13:00-16:00,2026-08-06,13:00-16:00,FDH-011,True
SLOT-FDH-011-1-16:00-19:00,2026-08-06,16:00-19:00,FDH-011,False
SLOT-FDH-011-2-09:00-12:00,2026-08-07,09:00-12:00,FDH-011,True
SLOT-FDH-011-2-13:00-16:00,2026-08-07,13:00-16:00,FDH-011,True
SLOT-FDH-011-2-16:00-19:00,2026-08-07,16:00-19:00,FDH-011,True
SLOT-FDH-011-3-09:00-12:00,2026-08-08,09:00-12:00,FDH-011,True
SLOT-FDH-011-3-13:00-16:00,2026-08-08,13:00-16:00,FDH-011,False
SLOT-FDH-011-3-16:00-19:00,2026-08-08,16:00-19:00,FDH-011,False
SLOT-FDH-011-4-09:00-12:00,2026-08-09,09:00-12:00,FDH-011,True
SLOT-FDH-011-4-13:00-16:00,2026-08-09,13:00-16:00,FDH-011,True
SLOT-FDH-011-4-16:00-19:00,2026-08-09,16:00-19:00,FDH-011,False
SLOT-FDH-011-5-09:00-12:00,2026-08-10,09:00-12:00,FDH-011,True
SLOT-FDH-011-5-13:00-16:00,2026-08-10,13:00-16:00,FDH-011,False
SLOT-FDH-011-5-16:00-19:00,2026-08-10,16:00-19:00,FDH-011,True
SLOT-FDH-011-6-09:00-12:00,2026-08-11,09:00-12:00,FDH-011,True
SLOT-FDH-011-6-13:00-16:00,2026-08-11,13:00-16:00,FDH-011,True
SLOT-FDH-011-6-16:00-19:00,2026-08-11,16:00-19:00,FDH-011,True
SLOT-FDH-011-7-09:00-12:00,2026-08-12,09:00-12:00,FDH-011,True
SLOT-FDH-011-7-13:00-16:00,2026-08-12,13:00-16:00,FDH-011,True
SLOT-FDH-011-7-16:00-19:00,2026-08-12,16:00-19:00,FDH-011,False
SLOT-FDH-011-8-09:00-12:00,2026-08-13,09:00-12:00,FDH-011,False
SLOT-FDH-011-8-13:00-16:00,2026-08-13,13:00-16:00,FDH-011,True
SLOT-FDH-011-8-16:00-19:00,2026-08-13,16:00-19:00,FDH-011,False
SLOT-FDH-011-9-09:00-12:00,2026-08-14,09:00-12:00,FDH-011,True
SLOT-FDH-011-9-13:00-16:00,2026-08-14,13:00-16:00,FDH-011,True
SLOT-FDH-011-9-16:00-19:00,2026-08-14,16:00-19:00,FDH-011,True
SLOT-FDH-011-10-09:00-12:00,2026-08-15,09:00-12:00,FDH-011,True
SLOT-FDH-011-10-13:00-16:00,2026-08-15,13:00-16:00,FDH-011,True
SLOT-FDH-011-10-16:00-19:00,2026-08-15,16:00-19:00,FDH-011,True
SLOT-FDH-011-11-09:00-12:00,2026-08-16,09:00-12:00,FDH-011,True
SLOT-FDH-011-11-13:00-16:00,2026-08-16,13:00-16:00,FDH-011,True
SLOT-FDH-011-11-16:00-19:00,2026-08-16,16:00-19:00,FDH-011,True
SLOT-FDH-011-12-09:00-12:00,2026-08-17,09:00-12:00,FDH-011,True
SLOT-FDH-011-12-13:00-16:00,2026-08-17,13:00-16:00,FDH-011,True
SLOT-FDH-011-12-16:00-19:00,2026-08-17,16:00-19:00,FDH-011,True
SLOT-FDH-011-13-09:00-12:00,2026-08-18,09:00-12:00,FDH-011,True
SLOT-FDH-011-13-13:00-16:00,2026-08-18,13:00-16:00,FDH-011,True
SLOT-FDH-011-13-16:00-19:00,2026-08-18,16:00-19:00,FDH-011,True
SLOT-FDH-012-0-09:00-12:00,2026-08-05,09:00-12:00,FDH-012,True
SLOT-FDH-012-0-13:00-16:00,2026-08-05,13:00-16:00,FDH-012,True
SLOT-FDH-012-0-16:00-19:00,2026-08-05,16:00-19:00,FDH-012,True
SLOT-FDH-012-1-09:00-12:00,2026-08-06,09:00-12:00,FDH-012,True
SLOT-FDH-012-1-13:00-16:00,2026-08-06,13:00-16:00,FDH-012,True
SLOT-FDH-012-1-16:00-19:00,2026-08-06,16:00-19:00,FDH-012,True
SLOT-FDH-012-2-09:00-12:00,2026-08-07,09:00-12:00,FDH-012,True
SLOT-FDH-012-2-13:00-16:00,2026-08-07,13:00-16:00,FDH-012,True
SLOT-FDH-012-2-16:00-19:00,2026-08-07,16:00-19:00,FDH-012,True
SLOT-FDH-012-3-09:00-12:00,2026-08-08,09:00-12:00,FDH-012,True
SLOT-FDH-012-3-13:00-16:00,2026-08-08,13:00-16:00,FDH-012,True
SLOT-FDH-012-3-16:00-19:00,2026-08-08,16:00-19:00,FDH-012,True
SLOT-FDH-012-4-09:00-12:00,2026-08-09,09:00-12:00,FDH-012,True
SLOT-FDH-012-4-13:00-16:00,2026-08-09,13:00-16:00,FDH-012,False
SLOT-FDH-012-4-16:00-19:00,2026-08-09,16:00-19:00,FDH-012,True
SLOT-FDH-012-5-09:00-12:00,2026-08-10,09:00-12:00,FDH-012,True
SLOT-FDH-012-5-13:00-16:00,2026-08-10,13:00-16:00,FDH-012,False
SLOT-FDH-012-5-16:00-19:00,2026-08-10,16:00-19:00,FDH-012,True
SLOT-FDH-012-6-09:00-12:00,2026-08-11,09:00-12:00,FDH-012,True
SLOT-FDH-012-6-13:00-16:00,2026-08-11,13:00-16:00,FDH-012,False
SLOT-FDH-012-6-16:00-19:00,2026-08-11,16:00-19:00,FDH-012,True
SLOT-FDH-012-7-09:00-12:00,2026-08-12,09:00-12:00,FDH-012,True
SLOT-FDH-012-7-13:00-16:00,2026-08-12,13:00-16:00,FDH-012,True
SLOT-FDH-012-7-16:00-19:00,2026-08-12,16:00-19:00,FDH-012,True
SLOT-FDH-012-8-09:00-12:00,2026-08-13,09:00-12:00,FDH-012,True
SLOT-FDH-012-8-13:00-16:00,2026-08-13,13:00-16:00,FDH-012,True
SLOT-FDH-012-8-16:00-19:00,2026-08-13,16:00-19:00,FDH-012,True
SLOT-FDH-012-9-09:00-12:00,2026-08-14,09:00-12:00,FDH-012,True
SLOT-FDH-012-9-13:00-16:00,2026-08-14,13:00-16:00,FDH-012,True
SLOT-FDH-012-9-16:00-19:00,2026-08-14,16:00-19:00,FDH-012,False
SLOT-FDH-012-10-09:00-12:00,2026-08-15,09:00-12:00,FDH-012,True
SLOT-FDH-012-10-13:00-16:00,2026-08-15,13:00-16:00,FDH-012,True
SLOT-FDH-012-10-16:00-19:00,2026-08-15,16:00-19:00,FDH-012,True
SLOT-FDH-012-11-09:00-12:00,2026-08-16,09:00-12:00,FDH-012,True
SLOT-FDH-012-11-13:00-16:00,2026-08-16,13:00-16:00,FDH-012,True
SLOT-FDH-012-11-16:00-19:00,2026-08-16,16:00-19:00,FDH-012,True
SLOT-FDH-012-12-09:00-12:00,2026-08-17,09:00-12:00,FDH-012,True
SLOT-FDH-012-12-13:00-16:00,2026-08-17,13:00-16:00,FDH-012,True
SLOT-FDH-012-12-16:00-19:00,2026-08-17,16:00-19:00,FDH-012,True
SLOT-FDH-012-13-09:00-12:00,2026-08-18,09:00-12:00,FDH-012,True
SLOT-FDH-012-13-13:00-16:00,2026-08-18,13:00-16:00,FDH-012,True
SLOT-FDH-012-13-16:00-19:00,2026-08-18,16:00-19:00,FDH-012,True
SLOT-FDH-013-0-09:00-12:00,2026-08-05,09:00-12:00,FDH-013,True
SLOT-FDH-013-0-13:00-16:00,2026-08-05,13:00-16:00,FDH-013,True
SLOT-FDH-013-0-16:00-19:00,2026-08-05,16:00-19:00,FDH-013,True
SLOT-FDH-013-1-09:00-12:00,2026-08-06,09:00-12:00,FDH-013,True
SLOT-FDH-013-1-13:00-16:00,2026-08-06,13:00-16:00,FDH-013,True
SLOT-FDH-013-1-16:00-19:00,2026-08-06,16:00-19:00,FDH-013,True
SLOT-FDH-013-2-09:00-12:00,2026-08-07,09:00-12:00,FDH-013,True
SLOT-FDH-013-2-13:00-16:00,2026-08-07,13:00-16:00,FDH-013,True
SLOT-FDH-013-2-16:00-19:00,2026-08-07,16:00-19:00,FDH-013,True
SLOT-FDH-013-3-09:00-12:00,2026-08-08,09:00-12:00,FDH-013,True
SLOT-FDH-013-3-13:00-16:00,2026-08-08,13:00-16:00,FDH-013,True
SLOT-FDH-013-3-16:00-19:00,2026-08-08,16:00-19:00,FDH-013,True
SLOT-FDH-013-4-09:00-12:00,2026-08-09,09:00-12:00,FDH-013,True
SLOT-FDH-013-4-13:00-16:00,2026-08-09,13:00-16:00,FDH-013,True
SLOT-FDH-013-4-16:00-19:00,2026-08-09,16:00-19:00,FDH-013,True
SLOT-FDH-013-5-09:00-12:00,2026-08-10,09:00-12:00,FDH-013,False
SLOT-FDH-013-5-13:00-16:00,2026-08-10,13:00-16:00,FDH-013,True
SLOT-FDH-013-5-16:00-19:00,2026-08-10,16:00-19:00,FDH-013,True
SLOT-FDH-013-6-09:00-12:00,2026-08-11,09:00-12:00,FDH-013,False
SLOT-FDH-013-6-13:00-16:00,2026-08-11,13:00-16:00,FDH-013,True
SLOT-FDH-013-6-16:00-19:00,2026-08-11,16:00-19:00,FDH-013,True
SLOT-FDH-013-7-09:00-12:00,2026-08-12,09:00-12:00,FDH-013,True
SLOT-FDH-013-7-13:00-16:00,2026-08-12,13:00-16:00,FDH-013,False
SLOT-FDH-013-7-16:00-19:00,2026-08-12,16:00-19:00,FDH-013,True
SLOT-FDH-013-8-09:00-12:00,2026-08-13,09:00-12:00,FDH-013,True
SLOT-FDH-013-8-13:00-16:00,2026-08-13,13:00-16:00,FDH-013,False
SLOT-FDH-013-8-16:00-19:00,2026-08-13,16:00-19:00,FDH-013,True
SLOT-FDH-013-9-09:00-12:00,2026-08-14,09:00-12:00,FDH-013,True
SLOT-FDH-013-9-13:00-16:00,2026-08-14,13:00-16:00,FDH-013,True
SLOT-FDH-013-9-16:00-19:00,2026-08-14,16:00-19:00,FDH-013,True
SLOT-FDH-013-10-09:00-12:00,2026-08-15,09:00-12:00,FDH-013,True
SLOT-FDH-013-10-13:00-16:00,2026-08-15,13:00-16:00,FDH-013,True
SLOT-FDH-013-10-16:00-19:00,2026-08-15,16:00-19:00,FDH-013,True
SLOT-FDH-013-11-09:00-12:00,2026-08-16,09:00-12:00,FDH-013,False
SLOT-FDH-013-11-13:00-16:00,2026-08-16,13:00-16:00,FDH-013,True
SLOT-FDH-013-11-16:00-19:00,2026-08-16,16:00-19:00,FDH-013,True
SLOT-FDH-013-12-09:00-12:00,2026-08-17,09:00-12:00,FDH-013,False
SLOT-FDH-013-12-13:00-16:00,2026-08-17,13:00-16:00,FDH-013,True
SLOT-FDH-013-12-16:00-19:00,2026-08-17,16:00-19:00,FDH-013,True
SLOT-FDH-013-13-09:00-12:00,2026-08-18,09:00-12:00,FDH-013,True
SLOT-FDH-013-13-13:00-16:00,2026-08-18,13:00-16:00,FDH-013,False
SLOT-FDH-013-13-16:00-19:00,2026-08-18,16:00-19:00,FDH-013,True
SLOT-FDH-014-0-09:00-12:00,2026-08-05,09:00-12:00,FDH-014,True
SLOT-FDH-014-0-13:00-16:00,2026-08-05,13:00-16:00,FDH-014,True
SLOT-FDH-014-0-16:00-19:00,2026-08-05,16:00-19:00,FDH-014,False
SLOT-FDH-014-1-09:00-12:00,2026-08-06,09:00-12:00,FDH-014,True
SLOT-FDH-014-1-13:00-16:00,2026-08-06,13:00-16:00,FDH-014,False
SLOT-FDH-014-1-16:00-19:00,2026-08-06,16:00-19:00,FDH-014,True
SLOT-FDH-014-2-09:00-12:00,2026-08-07,09:00-12:00,FDH-014,True
SLOT-FDH-014-2-13:00-16:00,2026-08-07,13:00-16:00,FDH-014,True
SLOT-FDH-014-2-16:00-19:00,2026-08-07,16:00-19:00,FDH-014,True
SLOT-FDH-014-3-09:00-12:00,2026-08-08,09:00-12:00,FDH-014,False
SLOT-FDH-014-3-13:00-16:00,2026-08-08,13:00-16:00,FDH-014,True
SLOT-FDH-014-3-16:00-19:00,2026-08-08,16:00-19:00,FDH-014,True
SLOT-FDH-014-4-09:00-12:00,2026-08-09,09:00-12:00,FDH-014,False
SLOT-FDH-014-4-13:00-16:00,2026-08-09,13:00-16:00,FDH-014,True
SLOT-FDH-014-4-16:00-19:00,2026-08-09,16:00-19:00,FDH-014,True
SLOT-FDH-014-5-09:00-12:00,2026-08-10,09:00-12:00,FDH-014,True
SLOT-FDH-014-5-13:00-16:00,2026-08-10,13:00-16:00,FDH-014,True
SLOT-FDH-014-5-16:00-19:00,2026-08-10,16:00-19:00,FDH-014,True
SLOT-FDH-014-6-09:00-12:00,2026-08-11,09:00-12:00,FDH-014,True
SLOT-FDH-014-6-13:00-16:00,2026-08-11,13:00-16:00,FDH-014,True
SLOT-FDH-014-6-16:00-19:00,2026-08-11,16:00-19:00,FDH-014,True
SLOT-FDH-014-7-09:00-12:00,2026-08-12,09:00-12:00,FDH-014,True
SLOT-FDH-014-7-13:00-16:00,2026-08-12,13:00-16:00,FDH-014,False
SLOT-FDH-014-7-16:00-19:00,2026-08-12,16:00-19:00,FDH-014,True
SLOT-FDH-014-8-09:00-12:00,2026-08-13,09:00-12:00,FDH-014,True
SLOT-FDH-014-8-13:00-16:00,2026-08-13,13:00-16:00,FDH-014,False
SLOT-FDH-014-8-16:00-19:00,2026-08-13,16:00-19:00,FDH-014,True
SLOT-FDH-014-9-09:00-12:00,2026-08-14,09:00-12:00,FDH-014,True
SLOT-FDH-014-9-13:00-16:00,2026-08-14,13:00-16:00,FDH-014,True
SLOT-FDH-014-9-16:00-19:00,2026-08-14,16:00-19:00,FDH-014,False
SLOT-FDH-014-10-09:00-12:00,2026-08-15,09:00-12:00,FDH-014,True
SLOT-FDH-014-10-13:00-16:00,2026-08-15,13:00-16:00,FDH-014,True
SLOT-FDH-014-10-16:00-19:00,2026-08-15,16:00-19:00,FDH-014,True
SLOT-FDH-014-11-09:00-12:00,2026-08-16,09:00-12:00,FDH-014,True
SLOT-FDH-014-11-13:00-16:00,2026-08-16,13:00-16:00,FDH-014,True
SLOT-FDH-014-11-16:00-19:00,2026-08-16,16:00-19:00,FDH-014,False
SLOT-FDH-014-12-09:00-12:00,2026-08-17,09:00-12:00,FDH-014,True
SLOT-FDH-014-12-13:00-16:00,2026-08-17,13:00-16:00,FDH-014,True
SLOT-FDH-014-12-16:00-19:00,2026-08-17,16:00-19:00,FDH-014,True
SLOT-FDH-014-13-09:00-12:00,2026-08-18,09:00-12:00,FDH-014,True
SLOT-FDH-014-13-13:00-16:00,2026-08-18,13:00-16:00,FDH-014,False
SLOT-FDH-014-13-16:00-19:00,2026-08-18,16:00-19:00,FDH-014,True
SLOT-FDH-015-0-09:00-12:00,2026-08-05,09:00-12:00,FDH-015,False
SLOT-FDH-015-0-13:00-16:00,2026-08-05,13:00-16:00,FDH-015,True
SLOT-FDH-015-0-16:00-19:00,2026-08-05,16:00-19:00,FDH-015,True
SLOT-FDH-015-1-09:00-12:00,2026-08-06,09:00-12:00,FDH-015,True
SLOT-FDH-015-1-13:00-16:00,2026-08-06,13:00-16:00,FDH-015,True
SLOT-FDH-015-1-16:00-19:00,2026-08-06,16:00-19:00,FDH-015,True
SLOT-FDH-015-2-09:00-12:00,2026-08-07,09:00-12:00,FDH-015,True
SLOT-FDH-015-2-13:00-16:00,2026-08-07,13:00-16:00,FDH-015,True
SLOT-FDH-015-2-16:00-19:00,2026-08-07,16:00-19:00,FDH-015,True
SLOT-FDH-015-3-09:00-12:00,2026-08-08,09:00-12:00,FDH-015,True
SLOT-FDH-015-3-13:00-16:00,2026-08-08,13:00-16:00,FDH-015,True
SLOT-FDH-015-3-16:00-19:00,2026-08-08,16:00-19:00,FDH-015,True
SLOT-FDH-015-4-09:00-12:00,2026-08-09,09:00-12:00,FDH-015,True
SLOT-FDH-015-4-13:00-16:00,2026-08-09,13:00-16:00,FDH-015,True
SLOT-FDH-015-4-16:00-19:00,2026-08-09,16:00-19:00,FDH-015,True
SLOT-FDH-015-5-09:00-12:00,2026-08-10,09:00-12:00,FDH-015,True
SLOT-FDH-015-5-13:00-16:00,2026-08-10,13:00-16:00,FDH-015,True
SLOT-FDH-015-5-16:00-19:00,2026-08-10,16:00-19:00,FDH-015,True
SLOT-FDH-015-6-09:00-12:00,2026-08-11,09:00-12:00,FDH-015,True
SLOT-FDH-015-6-13:00-16:00,2026-08-11,13:00-16:00,FDH-015,True
SLOT-FDH-015-6-16:00-19:00,2026-08-11,16:00-19:00,FDH-015,True
SLOT-FDH-015-7-09:00-12:00,2026-08-12,09:00-12:00,FDH-015,True
SLOT-FDH-015-7-13:00-16:00,2026-08-12,13:00-16:00,FDH-015,True
SLOT-FDH-015-7-16:00-19:00,2026-08-12,16:00-19:00,FDH-015,True
SLOT-FDH-015-8-09:00-12:00,2026-08-13,09:00-12:00,FDH-015,True
SLOT-FDH-015-8-13:00-16:00,2026-08-13,13:00-16:00,FDH-015,True
SLOT-FDH-015-8-16:00-19:00,2026-08-13,16:00-19:00,FDH-015,True
SLOT-FDH-015-9-09:00-12:00,2026-08-14,09:00-12:00,FDH-015,True
SLOT-FDH-015-9-13:00-16:00,2026-08-14,13:00-16:00,FDH-015,True
SLOT-FDH-015-9-16:00-19:00,2026-08-14,16:00-19:00,FDH-015,False
SLOT-FDH-015-10-09:00-12:00,2026-08-15,09:00-12:00,FDH-015,True
SLOT-FDH-015-10-13:00-16:00,2026-08-15,13:00-16:00,FDH-015,True
SLOT-FDH-015-10-16:00-19:00,2026-08-15,16:00-19:00,FDH-015,True
SLOT-FDH-015-11-09:00-12:00,2026-08-16,09:00-12:00,FDH-015,True
SLOT-FDH-015-11-13:00-16:00,2026-08-16,13:00-16:00,FDH-015,False
SLOT-FDH-015-11-16:00-19:00,2026-08-16,16:00-19:00,FDH-015,False
SLOT-FDH-015-12-09:00-12:00,2026-08-17,09:00-12:00,FDH-015,False
SLOT-FDH-015-12-13:00-16:00,2026-08-17,13:00-16:00,FDH-015,True
SLOT-FDH-015-12-16:00-19:00,2026-08-17,16:00-19:00,FDH-015,False
SLOT-FDH-015-13-09:00-12:00,2026-08-18,09:00-12:00,FDH-015,True
SLOT-FDH-015-13-13:00-16:00,2026-08-18,13:00-16:00,FDH-015,True
SLOT-FDH-015-13-16:00-19:00,2026-08-18,16:00-19:00,FDH-015,False
SLOT-FDH-016-0-09:00-12:00,2026-08-05,09:00-12:00,FDH-016,False
SLOT-FDH-016-0-13:00-16:00,2026-08-05,13:00-16:00,FDH-016,True
SLOT-FDH-016-0-16:00-19:00,2026-08-05,16:00-19:00,FDH-016,False
SLOT-FDH-016-1-09:00-12:00,2026-08-06,09:00-12:00,FDH-016,True
SLOT-FDH-016-1-13:00-16:00,2026-08-06,13:00-16:00,FDH-016,True
SLOT-FDH-016-1-16:00-19:00,2026-08-06,16:00-19:00,FDH-016,True
SLOT-FDH-016-2-09:00-12:00,2026-08-07,09:00-12:00,FDH-016,True
SLOT-FDH-016-2-13:00-16:00,2026-08-07,13:00-16:00,FDH-016,True
SLOT-FDH-016-2-16:00-19:00,2026-08-07,16:00-19:00,FDH-016,True
SLOT-FDH-016-3-09:00-12:00,2026-08-08,09:00-12:00,FDH-016,False
SLOT-FDH-016-3-13:00-16:00,2026-08-08,13:00-16:00,FDH-016,True
SLOT-FDH-016-3-16:00-19:00,2026-08-08,16:00-19:00,FDH-016,False
SLOT-FDH-016-4-09:00-12:00,2026-08-09,09:00-12:00,FDH-016,True
SLOT-FDH-016-4-13:00-16:00,2026-08-09,13:00-16:00,FDH-016,True
SLOT-FDH-016-4-16:00-19:00,2026-08-09,16:00-19:00,FDH-016,True
SLOT-FDH-016-5-09:00-12:00,2026-08-10,09:00-12:00,FDH-016,True
SLOT-FDH-016-5-13:00-16:00,2026-08-10,13:00-16:00,FDH-016,True
SLOT-FDH-016-5-16:00-19:00,2026-08-10,16:00-19:00,FDH-016,True
SLOT-FDH-016-6-09:00-12:00,2026-08-11,09:00-12:00,FDH-016,True
SLOT-FDH-016-6-13:00-16:00,2026-08-11,13:00-16:00,FDH-016,False
SLOT-FDH-016-6-16:00-19:00,2026-08-11,16:00-19:00,FDH-016,True
SLOT-FDH-016-7-09:00-12:00,2026-08-12,09:00-12:00,FDH-016,True
SLOT-FDH-016-7-13:00-16:00,2026-08-12,13:00-16:00,FDH-016,False
SLOT-FDH-016-7-16:00-19:00,2026-08-12,16:00-19:00,FDH-016,True
SLOT-FDH-016-8-09:00-12:00,2026-08-13,09:00-12:00,FDH-016,False
SLOT-FDH-016-8-13:00-16:00,2026-08-13,13:00-16:00,FDH-016,True
SLOT-FDH-016-8-16:00-19:00,2026-08-13,16:00-19:00,FDH-016,False
SLOT-FDH-016-9-09:00-12:00,2026-08-14,09:00-12:00,FDH-016,True
SLOT-FDH-016-9-13:00-16:00,2026-08-14,13:00-16:00,FDH-016,True
SLOT-FDH-016-9-16:00-19:00,2026-08-14,16:00-19:00,FDH-016,True
SLOT-FDH-016-10-09:00-12:00,2026-08-15,09:00-12:00,FDH-016,True
SLOT-FDH-016-10-13:00-16:00,2026-08-15,13:00-16:00,FDH-016,True
SLOT-FDH-016-10-16:00-19:00,2026-08-15,16:00-19:00,FDH-016,True
SLOT-FDH-016-11-09:00-12:00,2026-08-16,09:00-12:00,FDH-016,True
SLOT-FDH-016-11-13:00-16:00,2026-08-16,13:00-16:00,FDH-016,True
SLOT-FDH-016-11-16:00-19:00,2026-08-16,16:00-19:00,FDH-016,True
SLOT-FDH-016-12-09:00-12:00,2026-08-17,09:00-12:00,FDH-016,True
SLOT-FDH-016-12-13:00-16:00,2026-08-17,13:00-16:00,FDH-016,True
SLOT-FDH-016-12-16:00-19:00,2026-08-17,16:00-19:00,FDH-016,True
SLOT-FDH-016-13-09:00-12:00,2026-08-18,09:00-12:00,FDH-016,False
SLOT-FDH-016-13-13:00-16:00,2026-08-18,13:00-16:00,FDH-016,True
SLOT-FDH-016-13-16:00-19:00,2026-08-18,16:00-19:00,FDH-016,True
SLOT-FDH-017-0-09:00-12:00,2026-08-05,09:00-12:00,FDH-017,True
SLOT-FDH-017-0-13:00-16:00,2026-08-05,13:00-16:00,FDH-017,True
SLOT-FDH-017-0-16:00-19:00,2026-08-05,16:00-19:00,FDH-017,True
SLOT-FDH-017-1-09:00-12:00,2026-08-06,09:00-12:00,FDH-017,False
SLOT-FDH-017-1-13:00-16:00,2026-08-06,13:00-16:00,FDH-017,False
SLOT-FDH-017-1-16:00-19:00,2026-08-06,16:00-19:00,FDH-017,False
SLOT-FDH-017-2-09:00-12:00,2026-08-07,09:00-12:00,FDH-017,True
SLOT-FDH-017-2-13:00-16:00,2026-08-07,13:00-16:00,FDH-017,True
SLOT-FDH-017-2-16:00-19:00,2026-08-07,16:00-19:00,FDH-017,True
SLOT-FDH-017-3-09:00-12:00,2026-08-08,09:00-12:00,FDH-017,False
SLOT-FDH-017-3-13:00-16:00,2026-08-08,13:00-16:00,FDH-017,True
SLOT-FDH-017-3-16:00-19:00,2026-08-08,16:00-19:00,FDH-017,True
SLOT-FDH-017-4-09:00-12:00,2026-08-09,09:00-12:00,FDH-017,True
SLOT-FDH-017-4-13:00-16:00,2026-08-09,13:00-16:00,FDH-017,False
SLOT-FDH-017-4-16:00-19:00,2026-08-09,16:00-19:00,FDH-017,True
SLOT-FDH-017-5-09:00-12:00,2026-08-10,09:00-12:00,FDH-017,True
SLOT-FDH-017-5-13:00-16:00,2026-08-10,13:00-16:00,FDH-017,True
SLOT-FDH-017-5-16:00-19:00,2026-08-10,16:00-19:00,FDH-017,True
SLOT-FDH-017-6-09:00-12:00,2026-08-11,09:00-12:00,FDH-017,True
SLOT-FDH-017-6-13:00-16:00,2026-08-11,13:00-16:00,FDH-017,True
SLOT-FDH-017-6-16:00-19:00,2026-08-11,16:00-19:00,FDH-017,True
SLOT-FDH-017-7-09:00-12:00,2026-08-12,09:00-12:00,FDH-017,True
SLOT-FDH-017-7-13:00-16:00,2026-08-12,13:00-16:00,FDH-017,False
SLOT-FDH-017-7-16:00-19:00,2026-08-12,16:00-19:00,FDH-017,True
SLOT-FDH-017-8-09:00-12:00,2026-08-13,09:00-12:00,FDH-017,True
SLOT-FDH-017-8-13:00-16:00,2026-08-13,13:00-16:00,FDH-017,True
SLOT-FDH-017-8-16:00-19:00,2026-08-13,16:00-19:00,FDH-017,True
SLOT-FDH-017-9-09:00-12:00,2026-08-14,09:00-12:00,FDH-017,True
SLOT-FDH-017-9-13:00-16:00,2026-08-14,13:00-16:00,FDH-017,True
SLOT-FDH-017-9-16:00-19:00,2026-08-14,16:00-19:00,FDH-017,True
SLOT-FDH-017-10-09:00-12:00,2026-08-15,09:00-12:00,FDH-017,True
SLOT-FDH-017-10-13:00-16:00,2026-08-15,13:00-16:00,FDH-017,True
SLOT-FDH-017-10-16:00-19:00,2026-08-15,16:00-19:00,FDH-017,True
SLOT-FDH-017-11-09:00-12:00,2026-08-16,09:00-12:00,FDH-017,True
SLOT-FDH-017-11-13:00-16:00,2026-08-16,13:00-16:00,FDH-017,True
SLOT-FDH-017-11-16:00-19:00,2026-08-16,16:00-19:00,FDH-017,True
SLOT-FDH-017-12-09:00-12:00,2026-08-17,09:00-12:00,FDH-017,True
SLOT-FDH-017-12-13:00-16:00,2026-08-17,13:00-16:00,FDH-017,True
SLOT-FDH-017-12-16:00-19:00,2026-08-17,16:00-19:00,FDH-017,False
SLOT-FDH-017-13-09:00-12:00,2026-08-18,09:00-12:00,FDH-017,True
SLOT-FDH-017-13-13:00-16:00,2026-08-18,13:00-16:00,FDH-017,True
SLOT-FDH-017-13-16:00-19:00,2026-08-18,16:00-19:00,FDH-017,True
SLOT-FDH-018-0-09:00-12:00,2026-08-05,09:00-12:00,FDH-018,True
SLOT-FDH-018-0-13:00-16:00,2026-08-05,13:00-16:00,FDH-018,True
SLOT-FDH-018-0-16:00-19:00,2026-08-05,16:00-19:00,FDH-018,True
SLOT-FDH-018-1-09:00-12:00,2026-08-06,09:00-12:00,FDH-018,False
SLOT-FDH-018-1-13:00-16:00,2026-08-06,13:00-16:00,FDH-018,True
SLOT-FDH-018-1-16:00-19:00,2026-08-06,16:00-19:00,FDH-018,True
SLOT-FDH-018-2-09:00-12:00,2026-08-07,09:00-12:00,FDH-018,True
SLOT-FDH-018-2-13:00-16:00,2026-08-07,13:00-16:00,FDH-018,True
SLOT-FDH-018-2-16:00-19:00,2026-08-07,16:00-19:00,FDH-018,True
SLOT-FDH-018-3-09:00-12:00,2026-08-08,09:00-12:00,FDH-018,False
SLOT-FDH-018-3-13:00-16:00,2026-08-08,13:00-16:00,FDH-018,False
SLOT-FDH-018-3-16:00-19:00,2026-08-08,16:00-19:00,FDH-018,True
SLOT-FDH-018-4-09:00-12:00,2026-08-09,09:00-12:00,FDH-018,True
SLOT-FDH-018-4-13:00-16:00,2026-08-09,13:00-16:00,FDH-018,True
SLOT-FDH-018-4-16:00-19:00,2026-08-09,16:00-19:00,FDH-018,True
SLOT-FDH-018-5-09:00-12:00,2026-08-10,09:00-12:00,FDH-018,False
SLOT-FDH-018-5-13:00-16:00,2026-08-10,13:00-16:00,FDH-018,True
SLOT-FDH-018-5-16:00-19:00,2026-08-10,16:00-19:00,FDH-018,False
SLOT-FDH-018-6-09:00-12:00,2026-08-11,09:00-12:00,FDH-018,False
SLOT-FDH-018-6-13:00-16:00,2026-08-11,13:00-16:00,FDH-018,True
SLOT-FDH-018-6-16:00-19:00,2026-08-11,16:00-19:00,FDH-018,True
SLOT-FDH-018-7-09:00-12:00,2026-08-12,09:00-12:00,FDH-018,True
SLOT-FDH-018-7-13:00-16:00,2026-08-12,13:00-16:00,FDH-018,False
SLOT-FDH-018-7-16:00-19:00,2026-08-12,16:00-19:00,FDH-018,True
SLOT-FDH-018-8-09:00-12:00,2026-08-13,09:00-12:00,FDH-018,True
SLOT-FDH-018-8-13:00-16:00,2026-08-13,13:00-16:00,FDH-018,True
SLOT-FDH-018-8-16:00-19:00,2026-08-13,16:00-19:00,FDH-018,True
SLOT-FDH-018-9-09:00-12:00,2026-08-14,09:00-12:00,FDH-018,True
SLOT-FDH-018-9-13:00-16:00,2026-08-14,13:00-16:00,FDH-018,True
SLOT-FDH-018-9-16:00-19:00,2026-08-14,16:00-19:00,FDH-018,True
SLOT-FDH-018-10-09:00-12:00,2026-08-15,09:00-12:00,FDH-018,True
SLOT-FDH-018-10-13:00-16:00,2026-08-15,13:00-16:00,FDH-018,False
SLOT-FDH-018-10-16:00-19:00,2026-08-15,16:00-19:00,FDH-018,True
SLOT-FDH-018-11-09:00-12:00,2026-08-16,09:00-12:00,FDH-018,True
SLOT-FDH-018-11-13:00-16:00,2026-08-16,13:00-16:00,FDH-018,True
SLOT-FDH-018-11-16:00-19:00,2026-08-16,16:00-19:00,FDH-018,True
SLOT-FDH-018-12-09:00-12:00,2026-08-17,09:00-12:00,FDH-018,True
SLOT-FDH-018-12-13:00-16:00,2026-08-17,13:00-16:00,FDH-018,True
SLOT-FDH-018-12-16:00-19:00,2026-08-17,16:00-19:00,FDH-018,True
SLOT-FDH-018-13-09:00-12:00,2026-08-18,09:00-12:00,FDH-018,False
SLOT-FDH-018-13-13:00-16:00,2026-08-18,13:00-16:00,FDH-018,True
SLOT-FDH-018-13-16:00-19:00,2026-08-18,16:00-19:00,FDH-018,False
SLOT-FDH-019-0-09:00-12:00,2026-08-05,09:00-12:00,FDH-019,False
SLOT-FDH-019-0-13:00-16:00,2026-08-05,13:00-16:00,FDH-019,False
SLOT-FDH-019-0-16:00-19:00,2026-08-05,16:00-19:00,FDH-019,True
SLOT-FDH-019-1-09:00-12:00,2026-08-06,09:00-12:00,FDH-019,True
SLOT-FDH-019-1-13:00-16:00,2026-08-06,13:00-16:00,FDH-019,True
SLOT-FDH-019-1-16:00-19:00,2026-08-06,16:00-19:00,FDH-019,False
SLOT-FDH-019-2-09:00-12:00,2026-08-07,09:00-12:00,FDH-019,True
SLOT-FDH-019-2-13:00-16:00,2026-08-07,13:00-16:00,FDH-019,False
SLOT-FDH-019-2-16:00-19:00,2026-08-07,16:00-19:00,FDH-019,False
SLOT-FDH-019-3-09:00-12:00,2026-08-08,09:00-12:00,FDH-019,True
SLOT-FDH-019-3-13:00-16:00,2026-08-08,13:00-16:00,FDH-019,True
SLOT-FDH-019-3-16:00-19:00,2026-08-08,16:00-19:00,FDH-019,True
SLOT-FDH-019-4-09:00-12:00,2026-08-09,09:00-12:00,FDH-019,True
SLOT-FDH-019-4-13:00-16:00,2026-08-09,13:00-16:00,FDH-019,True
SLOT-FDH-019-4-16:00-19:00,2026-08-09,16:00-19:00,FDH-019,True
SLOT-FDH-019-5-09:00-12:00,2026-08-10,09:00-12:00,FDH-019,False
SLOT-FDH-019-5-13:00-16:00,2026-08-10,13:00-16:00,FDH-019,True
SLOT-FDH-019-5-16:00-19:00,2026-08-10,16:00-19:00,FDH-019,False
SLOT-FDH-019-6-09:00-12:00,2026-08-11,09:00-12:00,FDH-019,True
SLOT-FDH-019-6-13:00-16:00,2026-08-11,13:00-16:00,FDH-019,True
SLOT-FDH-019-6-16:00-19:00,2026-08-11,16:00-19:00,FDH-019,False
SLOT-FDH-019-7-09:00-12:00,2026-08-12,09:00-12:00,FDH-019,True
SLOT-FDH-019-7-13:00-16:00,2026-08-12,13:00-16:00,FDH-019,True
SLOT-FDH-019-7-16:00-19:00,2026-08-12,16:00-19:00,FDH-019,True
SLOT-FDH-019-8-09:00-12:00,2026-08-13,09:00-12:00,FDH-019,False
SLOT-FDH-019-8-13:00-16:00,2026-08-13,13:00-16:00,FDH-019,True
SLOT-FDH-019-8-16:00-19:00,2026-08-13,16:00-19:00,FDH-019,True
SLOT-FDH-019-9-09:00-12:00,2026-08-14,09:00-12:00,FDH-019,True
SLOT-FDH-019-9-13:00-16:00,2026-08-14,13:00-16:00,FDH-019,True
SLOT-FDH-019-9-16:00-19:00,2026-08-14,16:00-19:00,FDH-019,True
SLOT-FDH-019-10-09:00-12:00,2026-08-15,09:00-12:00,FDH-019,True
SLOT-FDH-019-10-13:00-16:00,2026-08-15,13:00-16:00,FDH-019,False
SLOT-FDH-019-10-16:00-19:00,2026-08-15,16:00-19:00,FDH-019,True
SLOT-FDH-019-11-09:00-12:00,2026-08-16,09:00-12:00,FDH-019,True
SLOT-FDH-019-11-13:00-16:00,2026-08-16,13:00-16:00,FDH-019,True
SLOT-FDH-019-11-16:00-19:00,2026-08-16,16:00-19:00,FDH-019,True
SLOT-FDH-019-12-09:00-12:00,2026-08-17,09:00-12:00,FDH-019,False
SLOT-FDH-019-12-13:00-16:00,2026-08-17,13:00-16:00,FDH-019,True
SLOT-FDH-019-12-16:00-19:00,2026-08-17,16:00-19:00,FDH-019,False
SLOT-FDH-019-13-09:00-12:00,2026-08-18,09:00-12:00,FDH-019,True
SLOT-FDH-019-13-13:00-16:00,2026-08-18,13:00-16:00,FDH-019,False
SLOT-FDH-019-13-16:00-19:00,2026-08-18,16:00-19:00,FDH-019,True
SLOT-FDH-020-0-09:00-12:00,2026-08-05,09:00-12:00,FDH-020,True
SLOT-FDH-020-0-13:00-16:00,2026-08-05,13:00-16:00,FDH-020,False
SLOT-FDH-020-0-16:00-19:00,2026-08-05,16:00-19:00,FDH-020,True
SLOT-FDH-020-1-09:00-12:00,2026-08-06,09:00-12:00,FDH-020,False
SLOT-FDH-020-1-13:00-16:00,2026-08-06,13:00-16:00,FDH-020,True
SLOT-FDH-020-1-16:00-19:00,2026-08-06,16:00-19:00,FDH-020,True
SLOT-FDH-020-2-09:00-12:00,2026-08-07,09:00-12:00,FDH-020,False
SLOT-FDH-020-2-13:00-16:00,2026-08-07,13:00-16:00,FDH-020,False
SLOT-FDH-020-2-16:00-19:00,2026-08-07,16:00-19:00,FDH-020,True
SLOT-FDH-020-3-09:00-12:00,2026-08-08,09:00-12:00,FDH-020,True
SLOT-FDH-020-3-13:00-16:00,2026-08-08,13:00-16:00,FDH-020,True
SLOT-FDH-020-3-16:00-19:00,2026-08-08,16:00-19:00,FDH-020,True
SLOT-FDH-020-4-09:00-12:00,2026-08-09,09:00-12:00,FDH-020,True
SLOT-FDH-020-4-13:00-16:00,2026-08-09,13:00-16:00,FDH-020,True
SLOT-FDH-020-4-16:00-19:00,2026-08-09,16:00-19:00,FDH-020,True
SLOT-FDH-020-5-09:00-12:00,2026-08-10,09:00-12:00,FDH-020,True
SLOT-FDH-020-5-13:00-16:00,2026-08-10,13:00-16:00,FDH-020,True
SLOT-FDH-020-5-16:00-19:00,2026-08-10,16:00-19:00,FDH-020,True
SLOT-FDH-020-6-09:00-12:00,2026-08-11,09:00-12:00,FDH-020,True
SLOT-FDH-020-6-13:00-16:00,2026-08-11,13:00-16:00,FDH-020,False
SLOT-FDH-020-6-16:00-19:00,2026-08-11,16:00-19:00,FDH-020,True
SLOT-FDH-020-7-09:00-12:00,2026-08-12,09:00-12:00,FDH-020,True
SLOT-FDH-020-7-13:00-16:00,2026-08-12,13:00-16:00,FDH-020,True
SLOT-FDH-020-7-16:00-19:00,2026-08-12,16:00-19:00,FDH-020,True
SLOT-FDH-020-8-09:00-12:00,2026-08-13,09:00-12:00,FDH-020,True
SLOT-FDH-020-8-13:00-16:00,2026-08-13,13:00-16:00,FDH-020,True
SLOT-FDH-020-8-16:00-19:00,2026-08-13,16:00-19:00,FDH-020,True
SLOT-FDH-020-9-09:00-12:00,2026-08-14,09:00-12:00,FDH-020,True
SLOT-FDH-020-9-13:00-16:00,2026-08-14,13:00-16:00,FDH-020,False
SLOT-FDH-020-9-16:00-19:00,2026-08-14,16:00-19:00,FDH-020,True
SLOT-FDH-020-10-09:00-12:00,2026-08-15,09:00-12:00,FDH-020,False
SLOT-FDH-020-10-13:00-16:00,2026-08-15,13:00-16:00,FDH-020,True
SLOT-FDH-020-10-16:00-19:00,2026-08-15,16:00-19:00,FDH-020,False
SLOT-FDH-020-11-09:00-12:00,2026-08-16,09:00-12:00,FDH-020,True
SLOT-FDH-020-11-13:00-16:00,2026-08-16,13:00-16:00,FDH-020,True
SLOT-FDH-020-11-16:00-19:00,2026-08-16,16:00-19:00,FDH-020,True
SLOT-FDH-020-12-09:00-12:00,2026-08-17,09:00-12:00,FDH-020,False
SLOT-FDH-020-12-13:00-16:00,2026-08-17,13:00-16:00,FDH-020,True
SLOT-FDH-020-12-16:00-19:00,2026-08-17,16:00-19:00,FDH-020,True
SLOT-FDH-020-13-09:00-12:00,2026-08-18,09:00-12:00,FDH-020,True
SLOT-FDH-020-13-13:00-16:00,2026-08-18,13:00-16:00,FDH-020,True
SLOT-FDH-020-13-16:00-19:00,2026-08-18,16:00-19:00,FDH-020,True
SLOT-FDH-021-0-09:00-12:00,2026-08-05,09:00-12:00,FDH-021,True
SLOT-FDH-021-0-13:00-16:00,2026-08-05,13:00-16:00,FDH-021,False
SLOT-FDH-021-0-16:00-19:00,2026-08-05,16:00-19:00,FDH-021,True
SLOT-FDH-021-1-09:00-12:00,2026-08-06,09:00-12:00,FDH-021,True
SLOT-FDH-021-1-13:00-16:00,2026-08-06,13:00-16:00,FDH-021,True
SLOT-FDH-021-1-16:00-19:00,2026-08-06,16:00-19:00,FDH-021,False
SLOT-FDH-021-2-09:00-12:00,2026-08-07,09:00-12:00,FDH-021,True
SLOT-FDH-021-2-13:00-16:00,2026-08-07,13:00-16:00,FDH-021,True
SLOT-FDH-021-2-16:00-19:00,2026-08-07,16:00-19:00,FDH-021,True
SLOT-FDH-021-3-09:00-12:00,2026-08-08,09:00-12:00,FDH-021,True
SLOT-FDH-021-3-13:00-16:00,2026-08-08,13:00-16:00,FDH-021,True
SLOT-FDH-021-3-16:00-19:00,2026-08-08,16:00-19:00,FDH-021,False
SLOT-FDH-021-4-09:00-12:00,2026-08-09,09:00-12:00,FDH-021,False
SLOT-FDH-021-4-13:00-16:00,2026-08-09,13:00-16:00,FDH-021,True
SLOT-FDH-021-4-16:00-19:00,2026-08-09,16:00-19:00,FDH-021,True
SLOT-FDH-021-5-09:00-12:00,2026-08-10,09:00-12:00,FDH-021,True
SLOT-FDH-021-5-13:00-16:00,2026-08-10,13:00-16:00,FDH-021,True
SLOT-FDH-021-5-16:00-19:00,2026-08-10,16:00-19:00,FDH-021,True
SLOT-FDH-021-6-09:00-12:00,2026-08-11,09:00-12:00,FDH-021,True
SLOT-FDH-021-6-13:00-16:00,2026-08-11,13:00-16:00,FDH-021,True
SLOT-FDH-021-6-16:00-19:00,2026-08-11,16:00-19:00,FDH-021,True
SLOT-FDH-021-7-09:00-12:00,2026-08-12,09:00-12:00,FDH-021,True
SLOT-FDH-021-7-13:00-16:00,2026-08-12,13:00-16:00,FDH-021,False
SLOT-FDH-021-7-16:00-19:00,2026-08-12,16:00-19:00,FDH-021,True
SLOT-FDH-021-8-09:00-12:00,2026-08-13,09:00-12:00,FDH-021,True
SLOT-FDH-021-8-13:00-16:00,2026-08-13,13:00-16:00,FDH-021,True
SLOT-FDH-021-8-16:00-19:00,2026-08-13,16:00-19:00,FDH-021,True
SLOT-FDH-021-9-09:00-12:00,2026-08-14,09:00-12:00,FDH-021,True
SLOT-FDH-021-9-13:00-16:00,2026-08-14,13:00-16:00,FDH-021,True
SLOT-FDH-021-9-16:00-19:00,2026-08-14,16:00-19:00,FDH-021,True
SLOT-FDH-021-10-09:00-12:00,2026-08-15,09:00-12:00,FDH-021,True
SLOT-FDH-021-10-13:00-16:00,2026-08-15,13:00-16:00,FDH-021,False
SLOT-FDH-021-10-16:00-19:00,2026-08-15,16:00-19:00,FDH-021,True
SLOT-FDH-021-11-09:00-12:00,2026-08-16,09:00-12:00,FDH-021,True
SLOT-FDH-021-11-13:00-16:00,2026-08-16,13:00-16:00,FDH-021,False
SLOT-FDH-021-11-16:00-19:00,2026-08-16,16:00-19:00,FDH-021,True
SLOT-FDH-021-12-09:00-12:00,2026-08-17,09:00-12:00,FDH-021,True
SLOT-FDH-021-12-13:00-16:00,2026-08-17,13:00-16:00,FDH-021,True
SLOT-FDH-021-12-16:00-19:00,2026-08-17,16:00-19:00,FDH-021,True
SLOT-FDH-021-13-09:00-12:00,2026-08-18,09:00-12:00,FDH-021,True
SLOT-FDH-021-13-13:00-16:00,2026-08-18,13:00-16:00,FDH-021,True
SLOT-FDH-021-13-16:00-19:00,2026-08-18,16:00-19:00,FDH-021,True
SLOT-FDH-022-0-09:00-12:00,2026-08-05,09:00-12:00,FDH-022,True
SLOT-FDH-022-0-13:00-16:00,2026-08-05,13:00-16:00,FDH-022,True
SLOT-FDH-022-0-16:00-19:00,2026-08-05,16:00-19:00,FDH-022,True
SLOT-FDH-022-1-09:00-12:00,2026-08-06,09:00-12:00,FDH-022,False
SLOT-FDH-022-1-13:00-16:00,2026-08-06,13:00-16:00,FDH-022,True
SLOT-FDH-022-1-16:00-19:00,2026-08-06,16:00-19:00,FDH-022,True
SLOT-FDH-022-2-09:00-12:00,2026-08-07,09:00-12:00,FDH-022,True
SLOT-FDH-022-2-13:00-16:00,2026-08-07,13:00-16:00,FDH-022,False
SLOT-FDH-022-2-16:00-19:00,2026-08-07,16:00-19:00,FDH-022,True
SLOT-FDH-022-3-09:00-12:00,2026-08-08,09:00-12:00,FDH-022,True
SLOT-FDH-022-3-13:00-16:00,2026-08-08,13:00-16:00,FDH-022,True
SLOT-FDH-022-3-16:00-19:00,2026-08-08,16:00-19:00,FDH-022,True
SLOT-FDH-022-4-09:00-12:00,2026-08-09,09:00-12:00,FDH-022,True
SLOT-FDH-022-4-13:00-16:00,2026-08-09,13:00-16:00,FDH-022,True
SLOT-FDH-022-4-16:00-19:00,2026-08-09,16:00-19:00,FDH-022,True
SLOT-FDH-022-5-09:00-12:00,2026-08-10,09:00-12:00,FDH-022,True
SLOT-FDH-022-5-13:00-16:00,2026-08-10,13:00-16:00,FDH-022,False
SLOT-FDH-022-5-16:00-19:00,2026-08-10,16:00-19:00,FDH-022,True
SLOT-FDH-022-6-09:00-12:00,2026-08-11,09:00-12:00,FDH-022,True
SLOT-FDH-022-6-13:00-16:00,2026-08-11,13:00-16:00,FDH-022,True
SLOT-FDH-022-6-16:00-19:00,2026-08-11,16:00-19:00,FDH-022,False
SLOT-FDH-022-7-09:00-12:00,2026-08-12,09:00-12:00,FDH-022,True
SLOT-FDH-022-7-13:00-16:00,2026-08-12,13:00-16:00,FDH-022,True
SLOT-FDH-022-7-16:00-19:00,2026-08-12,16:00-19:00,FDH-022,True
SLOT-FDH-022-8-09:00-12:00,2026-08-13,09:00-12:00,FDH-022,False
SLOT-FDH-022-8-13:00-16:00,2026-08-13,13:00-16:00,FDH-022,True
SLOT-FDH-022-8-16:00-19:00,2026-08-13,16:00-19:00,FDH-022,True
SLOT-FDH-022-9-09:00-12:00,2026-08-14,09:00-12:00,FDH-022,True
SLOT-FDH-022-9-13:00-16:00,2026-08-14,13:00-16:00,FDH-022,False
SLOT-FDH-022-9-16:00-19:00,2026-08-14,16:00-19:00,FDH-022,True
SLOT-FDH-022-10-09:00-12:00,2026-08-15,09:00-12:00,FDH-022,True
SLOT-FDH-022-10-13:00-16:00,2026-08-15,13:00-16:00,FDH-022,True
SLOT-FDH-022-10-16:00-19:00,2026-08-15,16:00-19:00,FDH-022,True
SLOT-FDH-022-11-09:00-12:00,2026-08-16,09:00-12:00,FDH-022,True
SLOT-FDH-022-11-13:00-16:00,2026-08-16,13:00-16:00,FDH-022,True
SLOT-FDH-022-11-16:00-19:00,2026-08-16,16:00-19:00,FDH-022,True
SLOT-FDH-022-12-09:00-12:00,2026-08-17,09:00-12:00,FDH-022,False
SLOT-FDH-022-12-13:00-16:00,2026-08-17,13:00-16:00,FDH-022,True
SLOT-FDH-022-12-16:00-19:00,2026-08-17,16:00-19:00,FDH-022,True
SLOT-FDH-022-13-09:00-12:00,2026-08-18,09:00-12:00,FDH-022,True
SLOT-FDH-022-13-13:00-16:00,2026-08-18,13:00-16:00,FDH-022,False
SLOT-FDH-022-13-16:00-19:00,2026-08-18,16:00-19:00,FDH-022,True
SLOT-FDH-023-0-09:00-12:00,2026-08-05,09:00-12:00,FDH-023,True
SLOT-FDH-023-0-13:00-16:00,2026-08-05,13:00-16:00,FDH-023,False
SLOT-FDH-023-0-16:00-19:00,2026-08-05,16:00-19:00,FDH-023,True
SLOT-FDH-023-1-09:00-12:00,2026-08-06,09:00-12:00,FDH-023,False
SLOT-FDH-023-1-13:00-16:00,2026-08-06,13:00-16:00,FDH-023,True
SLOT-FDH-023-1-16:00-19:00,2026-08-06,16:00-19:00,FDH-023,True
SLOT-FDH-023-2-09:00-12:00,2026-08-07,09:00-12:00,FDH-023,True
SLOT-FDH-023-2-13:00-16:00,2026-08-07,13:00-16:00,FDH-023,True
SLOT-FDH-023-2-16:00-19:00,2026-08-07,16:00-19:00,FDH-023,True
SLOT-FDH-023-3-09:00-12:00,2026-08-08,09:00-12:00,FDH-023,True
SLOT-FDH-023-3-13:00-16:00,2026-08-08,13:00-16:00,FDH-023,True
SLOT-FDH-023-3-16:00-19:00,2026-08-08,16:00-19:00,FDH-023,False
SLOT-FDH-023-4-09:00-12:00,2026-08-09,09:00-12:00,FDH-023,True
SLOT-FDH-023-4-13:00-16:00,2026-08-09,13:00-16:00,FDH-023,True
SLOT-FDH-023-4-16:00-19:00,2026-08-09,16:00-19:00,FDH-023,False
SLOT-FDH-023-5-09:00-12:00,2026-08-10,09:00-12:00,FDH-023,True
SLOT-FDH-023-5-13:00-16:00,2026-08-10,13:00-16:00,FDH-023,True
SLOT-FDH-023-5-16:00-19:00,2026-08-10,16:00-19:00,FDH-023,True
SLOT-FDH-023-6-09:00-12:00,2026-08-11,09:00-12:00,FDH-023,True
SLOT-FDH-023-6-13:00-16:00,2026-08-11,13:00-16:00,FDH-023,True
SLOT-FDH-023-6-16:00-19:00,2026-08-11,16:00-19:00,FDH-023,False
SLOT-FDH-023-7-09:00-12:00,2026-08-12,09:00-12:00,FDH-023,True
SLOT-FDH-023-7-13:00-16:00,2026-08-12,13:00-16:00,FDH-023,True
SLOT-FDH-023-7-16:00-19:00,2026-08-12,16:00-19:00,FDH-023,False
SLOT-FDH-023-8-09:00-12:00,2026-08-13,09:00-12:00,FDH-023,True
SLOT-FDH-023-8-13:00-16:00,2026-08-13,13:00-16:00,FDH-023,True
SLOT-FDH-023-8-16:00-19:00,2026-08-13,16:00-19:00,FDH-023,True
SLOT-FDH-023-9-09:00-12:00,2026-08-14,09:00-12:00,FDH-023,True
SLOT-FDH-023-9-13:00-16:00,2026-08-14,13:00-16:00,FDH-023,True
SLOT-FDH-023-9-16:00-19:00,2026-08-14,16:00-19:00,FDH-023,True
SLOT-FDH-023-10-09:00-12:00,2026-08-15,09:00-12:00,FDH-023,True
SLOT-FDH-023-10-13:00-16:00,2026-08-15,13:00-16:00,FDH-023,True
SLOT-FDH-023-10-16:00-19:00,2026-08-15,16:00-19:00,FDH-023,False
SLOT-FDH-023-11-09:00-12:00,2026-08-16,09:00-12:00,FDH-023,True
SLOT-FDH-023-11-13:00-16:00,2026-08-16,13:00-16:00,FDH-023,True
SLOT-FDH-023-11-16:00-19:00,2026-08-16,16:00-19:00,FDH-023,True
SLOT-FDH-023-12-09:00-12:00,2026-08-17,09:00-12:00,FDH-023,True
SLOT-FDH-023-12-13:00-16:00,2026-08-17,13:00-16:00,FDH-023,True
SLOT-FDH-023-12-16:00-19:00,2026-08-17,16:00-19:00,FDH-023,True
SLOT-FDH-023-13-09:00-12:00,2026-08-18,09:00-12:00,FDH-023,True
SLOT-FDH-023-13-13:00-16:00,2026-08-18,13:00-16:00,FDH-023,True
SLOT-FDH-023-13-16:00-19:00,2026-08-18,16:00-19:00,FDH-023,False
SLOT-FDH-024-0-09:00-12:00,2026-08-05,09:00-12:00,FDH-024,True
SLOT-FDH-024-0-13:00-16:00,2026-08-05,13:00-16:00,FDH-024,True
SLOT-FDH-024-0-16:00-19:00,2026-08-05,16:00-19:00,FDH-024,False
SLOT-FDH-024-1-09:00-12:00,2026-08-06,09:00-12:00,FDH-024,True
SLOT-FDH-024-1-13:00-16:00,2026-08-06,13:00-16:00,FDH-024,True
SLOT-FDH-024-1-16:00-19:00,2026-08-06,16:00-19:00,FDH-024,False
SLOT-FDH-024-2-09:00-12:00,2026-08-07,09:00-12:00,FDH-024,False
SLOT-FDH-024-2-13:00-16:00,2026-08-07,13:00-16:00,FDH-024,True
SLOT-FDH-024-2-16:00-19:00,2026-08-07,16:00-19:00,FDH-024,True
SLOT-FDH-024-3-09:00-12:00,2026-08-08,09:00-12:00,FDH-024,True
SLOT-FDH-024-3-13:00-16:00,2026-08-08,13:00-16:00,FDH-024,False
SLOT-FDH-024-3-16:00-19:00,2026-08-08,16:00-19:00,FDH-024,True
SLOT-FDH-024-4-09:00-12:00,2026-08-09,09:00-12:00,FDH-024,False
SLOT-FDH-024-4-13:00-16:00,2026-08-09,13:00-16:00,FDH-024,True
SLOT-FDH-024-4-16:00-19:00,2026-08-09,16:00-19:00,FDH-024,True
SLOT-FDH-024-5-09:00-12:00,2026-08-10,09:00-12:00,FDH-024,True
SLOT-FDH-024-5-13:00-16:00,2026-08-10,13:00-16:00,FDH-024,True
SLOT-FDH-024-5-16:00-19:00,2026-08-10,16:00-19:00,FDH-024,True
SLOT-FDH-024-6-09:00-12:00,2026-08-11,09:00-12:00,FDH-024,True
SLOT-FDH-024-6-13:00-16:00,2026-08-11,13:00-16:00,FDH-024,True
SLOT-FDH-024-6-16:00-19:00,2026-08-11,16:00-19:00,FDH-024,True
SLOT-FDH-024-7-09:00-12:00,2026-08-12,09:00-12:00,FDH-024,False
SLOT-FDH-024-7-13:00-16:00,2026-08-12,13:00-16:00,FDH-024,True
SLOT-FDH-024-7-16:00-19:00,2026-08-12,16:00-19:00,FDH-024,False
SLOT-FDH-024-8-09:00-12:00,2026-08-13,09:00-12:00,FDH-024,True
SLOT-FDH-024-8-13:00-16:00,2026-08-13,13:00-16:00,FDH-024,True
SLOT-FDH-024-8-16:00-19:00,2026-08-13,16:00-19:00,FDH-024,True
SLOT-FDH-024-9-09:00-12:00,2026-08-14,09:00-12:00,FDH-024,False
SLOT-FDH-024-9-13:00-16:00,2026-08-14,13:00-16:00,FDH-024,True
SLOT-FDH-024-9-16:00-19:00,2026-08-14,16:00-19:00,FDH-024,True
SLOT-FDH-024-10-09:00-12:00,2026-08-15,09:00-12:00,FDH-024,False
SLOT-FDH-024-10-13:00-16:00,2026-08-15,13:00-16:00,FDH-024,True
SLOT-FDH-024-10-16:00-19:00,2026-08-15,16:00-19:00,FDH-024,True
SLOT-FDH-024-11-09:00-12:00,2026-08-16,09:00-12:00,FDH-024,True
SLOT-FDH-024-11-13:00-16:00,2026-08-16,13:00-16:00,FDH-024,True
SLOT-FDH-024-11-16:00-19:00,2026-08-16,16:00-19:00,FDH-024,True
SLOT-FDH-024-12-09:00-12:00,2026-08-17,09:00-12:00,FDH-024,False
SLOT-FDH-024-12-13:00-16:00,2026-08-17,13:00-16:00,FDH-024,True
SLOT-FDH-024-12-16:00-19:00,2026-08-17,16:00-19:00,FDH-024,True
SLOT-FDH-024-13-09:00-12:00,2026-08-18,09:00-12:00,FDH-024,True
SLOT-FDH-024-13-13:00-16:00,2026-08-18,13:00-16:00,FDH-024,False
SLOT-FDH-024-13-16:00-19:00,2026-08-18,16:00-19:00,FDH-024,True
SLOT-FDH-025-0-09:00-12:00,2026-08-05,09:00-12:00,FDH-025,True
SLOT-FDH-025-0-13:00-16:00,2026-08-05,13:00-16:00,FDH-025,True
SLOT-FDH-025-0-16:00-19:00,2026-08-05,16:00-19:00,FDH-025,True
SLOT-FDH-025-1-09:00-12:00,2026-08-06,09:00-12:00,FDH-025,False
SLOT-FDH-025-1-13:00-16:00,2026-08-06,13:00-16:00,FDH-025,False
SLOT-FDH-025-1-16:00-19:00,2026-08-06,16:00-19:00,FDH-025,True
SLOT-FDH-025-2-09:00-12:00,2026-08-07,09:00-12:00,FDH-025,True
SLOT-FDH-025-2-13:00-16:00,2026-08-07,13:00-16:00,FDH-025,False
SLOT-FDH-025-2-16:00-19:00,2026-08-07,16:00-19:00,FDH-025,True
SLOT-FDH-025-3-09:00-12:00,2026-08-08,09:00-12:00,FDH-025,True
SLOT-FDH-025-3-13:00-16:00,2026-08-08,13:00-16:00,FDH-025,False
SLOT-FDH-025-3-16:00-19:00,2026-08-08,16:00-19:00,FDH-025,True
SLOT-FDH-025-4-09:00-12:00,2026-08-09,09:00-12:00,FDH-025,False
SLOT-FDH-025-4-13:00-16:00,2026-08-09,13:00-16:00,FDH-025,True
SLOT-FDH-025-4-16:00-19:00,2026-08-09,16:00-19:00,FDH-025,True
SLOT-FDH-025-5-09:00-12:00,2026-08-10,09:00-12:00,FDH-025,True
SLOT-FDH-025-5-13:00-16:00,2026-08-10,13:00-16:00,FDH-025,False
SLOT-FDH-025-5-16:00-19:00,2026-08-10,16:00-19:00,FDH-025,False
SLOT-FDH-025-6-09:00-12:00,2026-08-11,09:00-12:00,FDH-025,True
SLOT-FDH-025-6-13:00-16:00,2026-08-11,13:00-16:00,FDH-025,False
SLOT-FDH-025-6-16:00-19:00,2026-08-11,16:00-19:00,FDH-025,True
SLOT-FDH-025-7-09:00-12:00,2026-08-12,09:00-12:00,FDH-025,True
SLOT-FDH-025-7-13:00-16:00,2026-08-12,13:00-16:00,FDH-025,True
SLOT-FDH-025-7-16:00-19:00,2026-08-12,16:00-19:00,FDH-025,True
SLOT-FDH-025-8-09:00-12:00,2026-08-13,09:00-12:00,FDH-025,False
SLOT-FDH-025-8-13:00-16:00,2026-08-13,13:00-16:00,FDH-025,True
SLOT-FDH-025-8-16:00-19:00,2026-08-13,16:00-19:00,FDH-025,False
SLOT-FDH-025-9-09:00-12:00,2026-08-14,09:00-12:00,FDH-025,True
SLOT-FDH-025-9-13:00-16:00,2026-08-14,13:00-16:00,FDH-025,True
SLOT-FDH-025-9-16:00-19:00,2026-08-14,16:00-19:00,FDH-025,False
SLOT-FDH-025-10-09:00-12:00,2026-08-15,09:00-12:00,FDH-025,True
SLOT-FDH-025-10-13:00-16:00,2026-08-15,13:00-16:00,FDH-025,True
SLOT-FDH-025-10-16:00-19:00,2026-08-15,16:00-19:00,FDH-025,True
SLOT-FDH-025-11-09:00-12:00,2026-08-16,09:00-12:00,FDH-025,True
SLOT-FDH-025-11-13:00-16:00,2026-08-16,13:00-16:00,FDH-025,True
SLOT-FDH-025-11-16:00-19:00,2026-08-16,16:00-19:00,FDH-025,True
SLOT-FDH-025-12-09:00-12:00,2026-08-17,09:00-12:00,FDH-025,True
SLOT-FDH-025-12-13:00-16:00,2026-08-17,13:00-16:00,FDH-025,False
SLOT-FDH-025-12-16:00-19:00,2026-08-17,16:00-19:00,FDH-025,True
SLOT-FDH-025-13-09:00-12:00,2026-08-18,09:00-12:00,FDH-025,False
SLOT-FDH-025-13-13:00-16:00,2026-08-18,13:00-16:00,FDH-025,True
SLOT-FDH-025-13-16:00-19:00,2026-08-18,16:00-19:00,FDH-025,True
SLOT-FDH-026-0-09:00-12:00,2026-08-05,09:00-12:00,FDH-026,True
SLOT-FDH-026-0-13:00-16:00,2026-08-05,13:00-16:00,FDH-026,True
SLOT-FDH-026-0-16:00-19:00,2026-08-05,16:00-19:00,FDH-026,True
SLOT-FDH-026-1-09:00-12:00,2026-08-06,09:00-12:00,FDH-026,True
SLOT-FDH-026-1-13:00-16:00,2026-08-06,13:00-16:00,FDH-026,True
SLOT-FDH-026-1-16:00-19:00,2026-08-06,16:00-19:00,FDH-026,True
SLOT-FDH-026-2-09:00-12:00,2026-08-07,09:00-12:00,FDH-026,True
SLOT-FDH-026-2-13:00-16:00,2026-08-07,13:00-16:00,FDH-026,True
SLOT-FDH-026-2-16:00-19:00,2026-08-07,16:00-19:00,FDH-026,True
SLOT-FDH-026-3-09:00-12:00,2026-08-08,09:00-12:00,FDH-026,True
SLOT-FDH-026-3-13:00-16:00,2026-08-08,13:00-16:00,FDH-026,True
SLOT-FDH-026-3-16:00-19:00,2026-08-08,16:00-19:00,FDH-026,True
SLOT-FDH-026-4-09:00-12:00,2026-08-09,09:00-12:00,FDH-026,True
SLOT-FDH-026-4-13:00-16:00,2026-08-09,13:00-16:00,FDH-026,True
SLOT-FDH-026-4-16:00-19:00,2026-08-09,16:00-19:00,FDH-026,True
SLOT-FDH-026-5-09:00-12:00,2026-08-10,09:00-12:00,FDH-026,True
SLOT-FDH-026-5-13:00-16:00,2026-08-10,13:00-16:00,FDH-026,True
SLOT-FDH-026-5-16:00-19:00,2026-08-10,16:00-19:00,FDH-026,False
SLOT-FDH-026-6-09:00-12:00,2026-08-11,09:00-12:00,FDH-026,True
SLOT-FDH-026-6-13:00-16:00,2026-08-11,13:00-16:00,FDH-026,True
SLOT-FDH-026-6-16:00-19:00,2026-08-11,16:00-19:00,FDH-026,True
SLOT-FDH-026-7-09:00-12:00,2026-08-12,09:00-12:00,FDH-026,True
SLOT-FDH-026-7-13:00-16:00,2026-08-12,13:00-16:00,FDH-026,True
SLOT-FDH-026-7-16:00-19:00,2026-08-12,16:00-19:00,FDH-026,True
SLOT-FDH-026-8-09:00-12:00,2026-08-13,09:00-12:00,FDH-026,True
SLOT-FDH-026-8-13:00-16:00,2026-08-13,13:00-16:00,FDH-026,True
SLOT-FDH-026-8-16:00-19:00,2026-08-13,16:00-19:00,FDH-026,False
SLOT-FDH-026-9-09:00-12:00,2026-08-14,09:00-12:00,FDH-026,True
SLOT-FDH-026-9-13:00-16:00,2026-08-14,13:00-16:00,FDH-026,True
SLOT-FDH-026-9-16:00-19:00,2026-08-14,16:00-19:00,FDH-026,False
SLOT-FDH-026-10-09:00-12:00,2026-08-15,09:00-12:00,FDH-026,True
SLOT-FDH-026-10-13:00-16:00,2026-08-15,13:00-16:00,FDH-026,True
SLOT-FDH-026-10-16:00-19:00,2026-08-15,16:00-19:00,FDH-026,True
SLOT-FDH-026-11-09:00-12:00,2026-08-16,09:00-12:00,FDH-026,True
SLOT-FDH-026-11-13:00-16:00,2026-08-16,13:00-16:00,FDH-026,True
SLOT-FDH-026-11-16:00-19:00,2026-08-16,16:00-19:00,FDH-026,True
SLOT-FDH-026-12-09:00-12:00,2026-08-17,09:00-12:00,FDH-026,True
SLOT-FDH-026-12-13:00-16:00,2026-08-17,13:00-16:00,FDH-026,True
SLOT-FDH-026-12-16:00-19:00,2026-08-17,16:00-19:00,FDH-026,True
SLOT-FDH-026-13-09:00-12:00,2026-08-18,09:00-12:00,FDH-026,False
SLOT-FDH-026-13-13:00-16:00,2026-08-18,13:00-16:00,FDH-026,True
SLOT-FDH-026-13-16:00-19:00,2026-08-18,16:00-19:00,FDH-026,False
SLOT-FDH-027-0-09:00-12:00,2026-08-05,09:00-12:00,FDH-027,True
SLOT-FDH-027-0-13:00-16:00,2026-08-05,13:00-16:00,FDH-027,False
SLOT-FDH-027-0-16:00-19:00,2026-08-05,16:00-19:00,FDH-027,False
SLOT-FDH-027-1-09:00-12:00,2026-08-06,09:00-12:00,FDH-027,True
SLOT-FDH-027-1-13:00-16:00,2026-08-06,13:00-16:00,FDH-027,True
SLOT-FDH-027-1-16:00-19:00,2026-08-06,16:00-19:00,FDH-027,False
SLOT-FDH-027-2-09:00-12:00,2026-08-07,09:00-12:00,FDH-027,False
SLOT-FDH-027-2-13:00-16:00,2026-08-07,13:00-16:00,FDH-027,True
SLOT-FDH-027-2-16:00-19:00,2026-08-07,16:00-19:00,FDH-027,True
SLOT-FDH-027-3-09:00-12:00,2026-08-08,09:00-12:00,FDH-027,False
SLOT-FDH-027-3-13:00-16:00,2026-08-08,13:00-16:00,FDH-027,True
SLOT-FDH-027-3-16:00-19:00,2026-08-08,16:00-19:00,FDH-027,True
SLOT-FDH-027-4-09:00-12:00,2026-08-09,09:00-12:00,FDH-027,True
SLOT-FDH-027-4-13:00-16:00,2026-08-09,13:00-16:00,FDH-027,True
SLOT-FDH-027-4-16:00-19:00,2026-08-09,16:00-19:00,FDH-027,True
SLOT-FDH-027-5-09:00-12:00,2026-08-10,09:00-12:00,FDH-027,True
SLOT-FDH-027-5-13:00-16:00,2026-08-10,13:00-16:00,FDH-027,True
SLOT-FDH-027-5-16:00-19:00,2026-08-10,16:00-19:00,FDH-027,True
SLOT-FDH-027-6-09:00-12:00,2026-08-11,09:00-12:00,FDH-027,True
SLOT-FDH-027-6-13:00-16:00,2026-08-11,13:00-16:00,FDH-027,True
SLOT-FDH-027-6-16:00-19:00,2026-08-11,16:00-19:00,FDH-027,False
SLOT-FDH-027-7-09:00-12:00,2026-08-12,09:00-12:00,FDH-027,True
SLOT-FDH-027-7-13:00-16:00,2026-08-12,13:00-16:00,FDH-027,True
SLOT-FDH-027-7-16:00-19:00,2026-08-12,16:00-19:00,FDH-027,True
SLOT-FDH-027-8-09:00-12:00,2026-08-13,09:00-12:00,FDH-027,True
SLOT-FDH-027-8-13:00-16:00,2026-08-13,13:00-16:00,FDH-027,True
SLOT-FDH-027-8-16:00-19:00,2026-08-13,16:00-19:00,FDH-027,False
SLOT-FDH-027-9-09:00-12:00,2026-08-14,09:00-12:00,FDH-027,False
SLOT-FDH-027-9-13:00-16:00,2026-08-14,13:00-16:00,FDH-027,False
SLOT-FDH-027-9-16:00-19:00,2026-08-14,16:00-19:00,FDH-027,True
SLOT-FDH-027-10-09:00-12:00,2026-08-15,09:00-12:00,FDH-027,True
SLOT-FDH-027-10-13:00-16:00,2026-08-15,13:00-16:00,FDH-027,True
SLOT-FDH-027-10-16:00-19:00,2026-08-15,16:00-19:00,FDH-027,True
SLOT-FDH-027-11-09:00-12:00,2026-08-16,09:00-12:00,FDH-027,False
SLOT-FDH-027-11-13:00-16:00,2026-08-16,13:00-16:00,FDH-027,True
SLOT-FDH-027-11-16:00-19:00,2026-08-16,16:00-19:00,FDH-027,True
SLOT-FDH-027-12-09:00-12:00,2026-08-17,09:00-12:00,FDH-027,True
SLOT-FDH-027-12-13:00-16:00,2026-08-17,13:00-16:00,FDH-027,True
SLOT-FDH-027-12-16:00-19:00,2026-08-17,16:00-19:00,FDH-027,False
SLOT-FDH-027-13-09:00-12:00,2026-08-18,09:00-12:00,FDH-027,False
SLOT-FDH-027-13-13:00-16:00,2026-08-18,13:00-16:00,FDH-027,False
SLOT-FDH-027-13-16:00-19:00,2026-08-18,16:00-19:00,FDH-027,True
SLOT-FDH-028-0-09:00-12:00,2026-08-05,09:00-12:00,FDH-028,True
SLOT-FDH-028-0-13:00-16:00,2026-08-05,13:00-16:00,FDH-028,False
SLOT-FDH-028-0-16:00-19:00,2026-08-05,16:00-19:00,FDH-028,True
SLOT-FDH-028-1-09:00-12:00,2026-08-06,09:00-12:00,FDH-028,False
SLOT-FDH-028-1-13:00-16:00,2026-08-06,13:00-16:00,FDH-028,True
SLOT-FDH-028-1-16:00-19:00,2026-08-06,16:00-19:00,FDH-028,False
SLOT-FDH-028-2-09:00-12:00,2026-08-07,09:00-12:00,FDH-028,True
SLOT-FDH-028-2-13:00-16:00,2026-08-07,13:00-16:00,FDH-028,True
SLOT-FDH-028-2-16:00-19:00,2026-08-07,16:00-19:00,FDH-028,True
SLOT-FDH-028-3-09:00-12:00,2026-08-08,09:00-12:00,FDH-028,False
SLOT-FDH-028-3-13:00-16:00,2026-08-08,13:00-16:00,FDH-028,True
SLOT-FDH-028-3-16:00-19:00,2026-08-08,16:00-19:00,FDH-028,True
SLOT-FDH-028-4-09:00-12:00,2026-08-09,09:00-12:00,FDH-028,True
SLOT-FDH-028-4-13:00-16:00,2026-08-09,13:00-16:00,FDH-028,True
SLOT-FDH-028-4-16:00-19:00,2026-08-09,16:00-19:00,FDH-028,False
SLOT-FDH-028-5-09:00-12:00,2026-08-10,09:00-12:00,FDH-028,True
SLOT-FDH-028-5-13:00-16:00,2026-08-10,13:00-16:00,FDH-028,False
SLOT-FDH-028-5-16:00-19:00,2026-08-10,16:00-19:00,FDH-028,True
SLOT-FDH-028-6-09:00-12:00,2026-08-11,09:00-12:00,FDH-028,True
SLOT-FDH-028-6-13:00-16:00,2026-08-11,13:00-16:00,FDH-028,True
SLOT-FDH-028-6-16:00-19:00,2026-08-11,16:00-19:00,FDH-028,True
SLOT-FDH-028-7-09:00-12:00,2026-08-12,09:00-12:00,FDH-028,True
SLOT-FDH-028-7-13:00-16:00,2026-08-12,13:00-16:00,FDH-028,True
SLOT-FDH-028-7-16:00-19:00,2026-08-12,16:00-19:00,FDH-028,True
SLOT-FDH-028-8-09:00-12:00,2026-08-13,09:00-12:00,FDH-028,True
SLOT-FDH-028-8-13:00-16:00,2026-08-13,13:00-16:00,FDH-028,True
SLOT-FDH-028-8-16:00-19:00,2026-08-13,16:00-19:00,FDH-028,True
SLOT-FDH-028-9-09:00-12:00,2026-08-14,09:00-12:00,FDH-028,False
SLOT-FDH-028-9-13:00-16:00,2026-08-14,13:00-16:00,FDH-028,False
SLOT-FDH-028-9-16:00-19:00,2026-08-14,16:00-19:00,FDH-028,True
SLOT-FDH-028-10-09:00-12:00,2026-08-15,09:00-12:00,FDH-028,False
SLOT-FDH-028-10-13:00-16:00,2026-08-15,13:00-16:00,FDH-028,True
SLOT-FDH-028-10-16:00-19:00,2026-08-15,16:00-19:00,FDH-028,False
SLOT-FDH-028-11-09:00-12:00,2026-08-16,09:00-12:00,FDH-028,True
SLOT-FDH-028-11-13:00-16:00,2026-08-16,13:00-16:00,FDH-028,True
SLOT-FDH-028-11-16:00-19:00,2026-08-16,16:00-19:00,FDH-028,True
SLOT-FDH-028-12-09:00-12:00,2026-08-17,09:00-12:00,FDH-028,True
SLOT-FDH-028-12-13:00-16:00,2026-08-17,13:00-16:00,FDH-028,True
SLOT-FDH-028-12-16:00-19:00,2026-08-17,16:00-19:00,FDH-028,True
SLOT-FDH-028-13-09:00-12:00,2026-08-18,09:00-12:00,FDH-028,False
SLOT-FDH-028-13-13:00-16:00,2026-08-18,13:00-16:00,FDH-028,True
SLOT-FDH-028-13-16:00-19:00,2026-08-18,16:00-19:00,FDH-028,True
SLOT-FDH-029-0-09:00-12:00,2026-08-05,09:00-12:00,FDH-029,True
SLOT-FDH-029-0-13:00-16:00,2026-08-05,13:00-16:00,FDH-029,True
SLOT-FDH-029-0-16:00-19:00,2026-08-05,16:00-19:00,FDH-029,True
SLOT-FDH-029-1-09:00-12:00,2026-08-06,09:00-12:00,FDH-029,True
SLOT-FDH-029-1-13:00-16:00,2026-08-06,13:00-16:00,FDH-029,True
SLOT-FDH-029-1-16:00-19:00,2026-08-06,16:00-19:00,FDH-029,False
SLOT-FDH-029-2-09:00-12:00,2026-08-07,09:00-12:00,FDH-029,True
SLOT-FDH-029-2-13:00-16:00,2026-08-07,13:00-16:00,FDH-029,True
SLOT-FDH-029-2-16:00-19:00,2026-08-07,16:00-19:00,FDH-029,True
SLOT-FDH-029-3-09:00-12:00,2026-08-08,09:00-12:00,FDH-029,True
SLOT-FDH-029-3-13:00-16:00,2026-08-08,13:00-16:00,FDH-029,True
SLOT-FDH-029-3-16:00-19:00,2026-08-08,16:00-19:00,FDH-029,False
SLOT-FDH-029-4-09:00-12:00,2026-08-09,09:00-12:00,FDH-029,False
SLOT-FDH-029-4-13:00-16:00,2026-08-09,13:00-16:00,FDH-029,True
SLOT-FDH-029-4-16:00-19:00,2026-08-09,16:00-19:00,FDH-029,False
SLOT-FDH-029-5-09:00-12:00,2026-08-10,09:00-12:00,FDH-029,True
SLOT-FDH-029-5-13:00-16:00,2026-08-10,13:00-16:00,FDH-029,True
SLOT-FDH-029-5-16:00-19:00,2026-08-10,16:00-19:00,FDH-029,True
SLOT-FDH-029-6-09:00-12:00,2026-08-11,09:00-12:00,FDH-029,True
SLOT-FDH-029-6-13:00-16:00,2026-08-11,13:00-16:00,FDH-029,True
SLOT-FDH-029-6-16:00-19:00,2026-08-11,16:00-19:00,FDH-029,True
SLOT-FDH-029-7-09:00-12:00,2026-08-12,09:00-12:00,FDH-029,True
SLOT-FDH-029-7-13:00-16:00,2026-08-12,13:00-16:00,FDH-029,True
SLOT-FDH-029-7-16:00-19:00,2026-08-12,16:00-19:00,FDH-029,True
SLOT-FDH-029-8-09:00-12:00,2026-08-13,09:00-12:00,FDH-029,True
SLOT-FDH-029-8-13:00-16:00,2026-08-13,13:00-16:00,FDH-029,True
SLOT-FDH-029-8-16:00-19:00,2026-08-13,16:00-19:00,FDH-029,False
SLOT-FDH-029-9-09:00-12:00,2026-08-14,09:00-12:00,FDH-029,True
SLOT-FDH-029-9-13:00-16:00,2026-08-14,13:00-16:00,FDH-029,True
SLOT-FDH-029-9-16:00-19:00,2026-08-14,16:00-19:00,FDH-029,True
SLOT-FDH-029-10-09:00-12:00,2026-08-15,09:00-12:00,FDH-029,True
SLOT-FDH-029-10-13:00-16:00,2026-08-15,13:00-16:00,FDH-029,True
SLOT-FDH-029-10-16:00-19:00,2026-08-15,16:00-19:00,FDH-029,True
SLOT-FDH-029-11-09:00-12:00,2026-08-16,09:00-12:00,FDH-029,True
SLOT-FDH-029-11-13:00-16:00,2026-08-16,13:00-16:00,FDH-029,True
SLOT-FDH-029-11-16:00-19:00,2026-08-16,16:00-19:00,FDH-029,True
SLOT-FDH-029-12-09:00-12:00,2026-08-17,09:00-12:00,FDH-029,False
SLOT-FDH-029-12-13:00-16:00,2026-08-17,13:00-16:00,FDH-029,True
SLOT-FDH-029-12-16:00-19:00,2026-08-17,16:00-19:00,FDH-029,True
SLOT-FDH-029-13-09:00-12:00,2026-08-18,09:00-12:00,FDH-029,True
SLOT-FDH-029-13-13:00-16:00,2026-08-18,13:00-16:00,FDH-029,True
SLOT-FDH-029-13-16:00-19:00,2026-08-18,16:00-19:00,FDH-029,True
SLOT-FDH-030-0-09:00-12:00,2026-08-05,09:00-12:00,FDH-030,True
SLOT-FDH-030-0-13:00-16:00,2026-08-05,13:00-16:00,FDH-030,True
SLOT-FDH-030-0-16:00-19:00,2026-08-05,16:00-19:00,FDH-030,False
SLOT-FDH-030-1-09:00-12:00,2026-08-06,09:00-12:00,FDH-030,True
SLOT-FDH-030-1-13:00-16:00,2026-08-06,13:00-16:00,FDH-030,True
SLOT-FDH-030-1-16:00-19:00,2026-08-06,16:00-19:00,FDH-030,True
SLOT-FDH-030-2-09:00-12:00,2026-08-07,09:00-12:00,FDH-030,True
SLOT-FDH-030-2-13:00-16:00,2026-08-07,13:00-16:00,FDH-030,True
SLOT-FDH-030-2-16:00-19:00,2026-08-07,16:00-19:00,FDH-030,False
SLOT-FDH-030-3-09:00-12:00,2026-08-08,09:00-12:00,FDH-030,True
SLOT-FDH-030-3-13:00-16:00,2026-08-08,13:00-16:00,FDH-030,True
SLOT-FDH-030-3-16:00-19:00,2026-08-08,16:00-19:00,FDH-030,True
SLOT-FDH-030-4-09:00-12:00,2026-08-09,09:00-12:00,FDH-030,True
SLOT-FDH-030-4-13:00-16:00,2026-08-09,13:00-16:00,FDH-030,False
SLOT-FDH-030-4-16:00-19:00,2026-08-09,16:00-19:00,FDH-030,False
SLOT-FDH-030-5-09:00-12:00,2026-08-10,09:00-12:00,FDH-030,True
SLOT-FDH-030-5-13:00-16:00,2026-08-10,13:00-16:00,FDH-030,True
SLOT-FDH-030-5-16:00-19:00,2026-08-10,16:00-19:00,FDH-030,True
SLOT-FDH-030-6-09:00-12:00,2026-08-11,09:00-12:00,FDH-030,True
SLOT-FDH-030-6-13:00-16:00,2026-08-11,13:00-16:00,FDH-030,False
SLOT-FDH-030-6-16:00-19:00,2026-08-11,16:00-19:00,FDH-030,True
SLOT-FDH-030-7-09:00-12:00,2026-08-12,09:00-12:00,FDH-030,True
SLOT-FDH-030-7-13:00-16:00,2026-08-12,13:00-16:00,FDH-030,False
SLOT-FDH-030-7-16:00-19:00,2026-08-12,16:00-19:00,FDH-030,False
SLOT-FDH-030-8-09:00-12:00,2026-08-13,09:00-12:00,FDH-030,True
SLOT-FDH-030-8-13:00-16:00,2026-08-13,13:00-16:00,FDH-030,True
SLOT-FDH-030-8-16:00-19:00,2026-08-13,16:00-19:00,FDH-030,False
SLOT-FDH-030-9-09:00-12:00,2026-08-14,09:00-12:00,FDH-030,False
SLOT-FDH-030-9-13:00-16:00,2026-08-14,13:00-16:00,FDH-030,True
SLOT-FDH-030-9-16:00-19:00,2026-08-14,16:00-19:00,FDH-030,False
SLOT-FDH-030-10-09:00-12:00,2026-08-15,09:00-12:00,FDH-030,True
SLOT-FDH-030-10-13:00-16:00,2026-08-15,13:00-16:00,FDH-030,True
SLOT-FDH-030-10-16:00-19:00,2026-08-15,16:00-19:00,FDH-030,True
SLOT-FDH-030-11-09:00-12:00,2026-08-16,09:00-12:00,FDH-030,True
SLOT-FDH-030-11-13:00-16:00,2026-08-16,13:00-16:00,FDH-030,True
SLOT-FDH-030-11-16:00-19:00,2026-08-16,16:00-19:00,FDH-030,True
SLOT-FDH-030-12-09:00-12:00,2026-08-17,09:00-12:00,FDH-030,True
SLOT-FDH-030-12-13:00-16:00,2026-08-17,13:00-16:00,FDH-030,False
SLOT-FDH-030-12-16:00-19:00,2026-08-17,16:00-19:00,FDH-030,True
SLOT-FDH-030-13-09:00-12:00,2026-08-18,09:00-12:00,FDH-030,False
SLOT-FDH-030-13-13:00-16:00,2026-08-18,13:00-16:00,FDH-030,False
SLOT-FDH-030-13-16:00-19:00,2026-08-18,16:00-19:00,FDH-030,True
SLOT-FDH-031-0-09:00-12:00,2026-08-05,09:00-12:00,FDH-031,True
SLOT-FDH-031-0-13:00-16:00,2026-08-05,13:00-16:00,FDH-031,True
SLOT-FDH-031-0-16:00-19:00,2026-08-05,16:00-19:00,FDH-031,True
SLOT-FDH-031-1-09:00-12:00,2026-08-06,09:00-12:00,FDH-031,True
SLOT-FDH-031-1-13:00-16:00,2026-08-06,13:00-16:00,FDH-031,True
SLOT-FDH-031-1-16:00-19:00,2026-08-06,16:00-19:00,FDH-031,True
SLOT-FDH-031-2-09:00-12:00,2026-08-07,09:00-12:00,FDH-031,True
SLOT-FDH-031-2-13:00-16:00,2026-08-07,13:00-16:00,FDH-031,True
SLOT-FDH-031-2-16:00-19:00,2026-08-07,16:00-19:00,FDH-031,True
SLOT-FDH-031-3-09:00-12:00,2026-08-08,09:00-12:00,FDH-031,True
SLOT-FDH-031-3-13:00-16:00,2026-08-08,13:00-16:00,FDH-031,True
SLOT-FDH-031-3-16:00-19:00,2026-08-08,16:00-19:00,FDH-031,True
SLOT-FDH-031-4-09:00-12:00,2026-08-09,09:00-12:00,FDH-031,True
SLOT-FDH-031-4-13:00-16:00,2026-08-09,13:00-16:00,FDH-031,True
SLOT-FDH-031-4-16:00-19:00,2026-08-09,16:00-19:00,FDH-031,True
SLOT-FDH-031-5-09:00-12:00,2026-08-10,09:00-12:00,FDH-031,True
SLOT-FDH-031-5-13:00-16:00,2026-08-10,13:00-16:00,FDH-031,True
SLOT-FDH-031-5-16:00-19:00,2026-08-10,16:00-19:00,FDH-031,True
SLOT-FDH-031-6-09:00-12:00,2026-08-11,09:00-12:00,FDH-031,True
SLOT-FDH-031-6-13:00-16:00,2026-08-11,13:00-16:00,FDH-031,True
SLOT-FDH-031-6-16:00-19:00,2026-08-11,16:00-19:00,FDH-031,True
SLOT-FDH-031-7-09:00-12:00,2026-08-12,09:00-12:00,FDH-031,True
SLOT-FDH-031-7-13:00-16:00,2026-08-12,13:00-16:00,FDH-031,True
SLOT-FDH-031-7-16:00-19:00,2026-08-12,16:00-19:00,FDH-031,True
SLOT-FDH-031-8-09:00-12:00,2026-08-13,09:00-12:00,FDH-031,True
SLOT-FDH-031-8-13:00-16:00,2026-08-13,13:00-16:00,FDH-031,True
SLOT-FDH-031-8-16:00-19:00,2026-08-13,16:00-19:00,FDH-031,True
SLOT-FDH-031-9-09:00-12:00,2026-08-14,09:00-12:00,FDH-031,True
SLOT-FDH-031-9-13:00-16:00,2026-08-14,13:00-16:00,FDH-031,True
SLOT-FDH-031-9-16:00-19:00,2026-08-14,16:00-19:00,FDH-031,True
SLOT-FDH-031-10-09:00-12:00,2026-08-15,09:00-12:00,FDH-031,True
SLOT-FDH-031-10-13:00-16:00,2026-08-15,13:00-16:00,FDH-031,True
SLOT-FDH-031-10-16:00-19:00,2026-08-15,16:00-19:00,FDH-031,True
SLOT-FDH-031-11-09:00-12:00,2026-08-16,09:00-12:00,FDH-031,True
SLOT-FDH-031-11-13:00-16:00,2026-08-16,13:00-16:00,FDH-031,True
SLOT-FDH-031-11-16:00-19:00,2026-08-16,16:00-19:00,FDH-031,True
SLOT-FDH-031-12-09:00-12:00,2026-08-17,09:00-12:00,FDH-031,True
SLOT-FDH-031-12-13:00-16:00,2026-08-17,13:00-16:00,FDH-031,True
SLOT-FDH-031-12-16:00-19:00,2026-08-17,16:00-19:00,FDH-031,True
SLOT-FDH-031-13-09:00-12:00,2026-08-18,09:00-12:00,FDH-031,False
SLOT-FDH-031-13-13:00-16:00,2026-08-18,13:00-16:00,FDH-031,True
SLOT-FDH-031-13-16:00-19:00,2026-08-18,16:00-19:00,FDH-031,True
SLOT-FDH-032-0-09:00-12:00,2026-08-05,09:00-12:00,FDH-032,False
SLOT-FDH-032-0-13:00-16:00,2026-08-05,13:00-16:00,FDH-032,True
SLOT-FDH-032-0-16:00-19:00,2026-08-05,16:00-19:00,FDH-032,True
SLOT-FDH-032-1-09:00-12:00,2026-08-06,09:00-12:00,FDH-032,True
SLOT-FDH-032-1-13:00-16:00,2026-08-06,13:00-16:00,FDH-032,True
SLOT-FDH-032-1-16:00-19:00,2026-08-06,16:00-19:00,FDH-032,True
SLOT-FDH-032-2-09:00-12:00,2026-08-07,09:00-12:00,FDH-032,True
SLOT-FDH-032-2-13:00-16:00,2026-08-07,13:00-16:00,FDH-032,True
SLOT-FDH-032-2-16:00-19:00,2026-08-07,16:00-19:00,FDH-032,False
SLOT-FDH-032-3-09:00-12:00,2026-08-08,09:00-12:00,FDH-032,True
SLOT-FDH-032-3-13:00-16:00,2026-08-08,13:00-16:00,FDH-032,False
SLOT-FDH-032-3-16:00-19:00,2026-08-08,16:00-19:00,FDH-032,True
SLOT-FDH-032-4-09:00-12:00,2026-08-09,09:00-12:00,FDH-032,True
SLOT-FDH-032-4-13:00-16:00,2026-08-09,13:00-16:00,FDH-032,False
SLOT-FDH-032-4-16:00-19:00,2026-08-09,16:00-19:00,FDH-032,True
SLOT-FDH-032-5-09:00-12:00,2026-08-10,09:00-12:00,FDH-032,True
SLOT-FDH-032-5-13:00-16:00,2026-08-10,13:00-16:00,FDH-032,True
SLOT-FDH-032-5-16:00-19:00,2026-08-10,16:00-19:00,FDH-032,False
SLOT-FDH-032-6-09:00-12:00,2026-08-11,09:00-12:00,FDH-032,True
SLOT-FDH-032-6-13:00-16:00,2026-08-11,13:00-16:00,FDH-032,True
SLOT-FDH-032-6-16:00-19:00,2026-08-11,16:00-19:00,FDH-032,True
SLOT-FDH-032-7-09:00-12:00,2026-08-12,09:00-12:00,FDH-032,True
SLOT-FDH-032-7-13:00-16:00,2026-08-12,13:00-16:00,FDH-032,True
SLOT-FDH-032-7-16:00-19:00,2026-08-12,16:00-19:00,FDH-032,True
SLOT-FDH-032-8-09:00-12:00,2026-08-13,09:00-12:00,FDH-032,True
SLOT-FDH-032-8-13:00-16:00,2026-08-13,13:00-16:00,FDH-032,True
SLOT-FDH-032-8-16:00-19:00,2026-08-13,16:00-19:00,FDH-032,True
SLOT-FDH-032-9-09:00-12:00,2026-08-14,09:00-12:00,FDH-032,True
SLOT-FDH-032-9-13:00-16:00,2026-08-14,13:00-16:00,FDH-032,True
SLOT-FDH-032-9-16:00-19:00,2026-08-14,16:00-19:00,FDH-032,True
SLOT-FDH-032-10-09:00-12:00,2026-08-15,09:00-12:00,FDH-032,True
SLOT-FDH-032-10-13:00-16:00,2026-08-15,13:00-16:00,FDH-032,True
SLOT-FDH-032-10-16:00-19:00,2026-08-15,16:00-19:00,FDH-032,True
SLOT-FDH-032-11-09:00-12:00,2026-08-16,09:00-12:00,FDH-032,True
SLOT-FDH-032-11-13:00-16:00,2026-08-16,13:00-16:00,FDH-032,True
SLOT-FDH-032-11-16:00-19:00,2026-08-16,16:00-19:00,FDH-032,True
SLOT-FDH-032-12-09:00-12:00,2026-08-17,09:00-12:00,FDH-032,False
SLOT-FDH-032-12-13:00-16:00,2026-08-17,13:00-16:00,FDH-032,True
SLOT-FDH-032-12-16:00-19:00,2026-08-17,16:00-19:00,FDH-032,True
SLOT-FDH-032-13-09:00-12:00,2026-08-18,09:00-12:00,FDH-032,True
SLOT-FDH-032-13-13:00-16:00,2026-08-18,13:00-16:00,FDH-032,True
SLOT-FDH-032-13-16:00-19:00,2026-08-18,16:00-19:00,FDH-032,True
SLOT-FDH-033-0-09:00-12:00,2026-08-05,09:00-12:00,FDH-033,True
SLOT-FDH-033-0-13:00-16:00,2026-08-05,13:00-16:00,FDH-033,True
SLOT-FDH-033-0-16:00-19:00,2026-08-05,16:00-19:00,FDH-033,True
SLOT-FDH-033-1-09:00-12:00,2026-08-06,09:00-12:00,FDH-033,False
SLOT-FDH-033-1-13:00-16:00,2026-08-06,13:00-16:00,FDH-033,True
SLOT-FDH-033-1-16:00-19:00,2026-08-06,16:00-19:00,FDH-033,True
SLOT-FDH-033-2-09:00-12:00,2026-08-07,09:00-12:00,FDH-033,True
SLOT-FDH-033-2-13:00-16:00,2026-08-07,13:00-16:00,FDH-033,True
SLOT-FDH-033-2-16:00-19:00,2026-08-07,16:00-19:00,FDH-033,True
SLOT-FDH-033-3-09:00-12:00,2026-08-08,09:00-12:00,FDH-033,True
SLOT-FDH-033-3-13:00-16:00,2026-08-08,13:00-16:00,FDH-033,True
SLOT-FDH-033-3-16:00-19:00,2026-08-08,16:00-19:00,FDH-033,True
SLOT-FDH-033-4-09:00-12:00,2026-08-09,09:00-12:00,FDH-033,True
SLOT-FDH-033-4-13:00-16:00,2026-08-09,13:00-16:00,FDH-033,True
SLOT-FDH-033-4-16:00-19:00,2026-08-09,16:00-19:00,FDH-033,True
SLOT-FDH-033-5-09:00-12:00,2026-08-10,09:00-12:00,FDH-033,True
SLOT-FDH-033-5-13:00-16:00,2026-08-10,13:00-16:00,FDH-033,True
SLOT-FDH-033-5-16:00-19:00,2026-08-10,16:00-19:00,FDH-033,True
SLOT-FDH-033-6-09:00-12:00,2026-08-11,09:00-12:00,FDH-033,True
SLOT-FDH-033-6-13:00-16:00,2026-08-11,13:00-16:00,FDH-033,True
SLOT-FDH-033-6-16:00-19:00,2026-08-11,16:00-19:00,FDH-033,True
SLOT-FDH-033-7-09:00-12:00,2026-08-12,09:00-12:00,FDH-033,True
SLOT-FDH-033-7-13:00-16:00,2026-08-12,13:00-16:00,FDH-033,False
SLOT-FDH-033-7-16:00-19:00,2026-08-12,16:00-19:00,FDH-033,True
SLOT-FDH-033-8-09:00-12:00,2026-08-13,09:00-12:00,FDH-033,True
SLOT-FDH-033-8-13:00-16:00,2026-08-13,13:00-16:00,FDH-033,False
SLOT-FDH-033-8-16:00-19:00,2026-08-13,16:00-19:00,FDH-033,True
SLOT-FDH-033-9-09:00-12:00,2026-08-14,09:00-12:00,FDH-033,True
SLOT-FDH-033-9-13:00-16:00,2026-08-14,13:00-16:00,FDH-033,False
SLOT-FDH-033-9-16:00-19:00,2026-08-14,16:00-19:00,FDH-033,True
SLOT-FDH-033-10-09:00-12:00,2026-08-15,09:00-12:00,FDH-033,True
SLOT-FDH-033-10-13:00-16:00,2026-08-15,13:00-16:00,FDH-033,True
SLOT-FDH-033-10-16:00-19:00,2026-08-15,16:00-19:00,FDH-033,False
SLOT-FDH-033-11-09:00-12:00,2026-08-16,09:00-12:00,FDH-033,True
SLOT-FDH-033-11-13:00-16:00,2026-08-16,13:00-16:00,FDH-033,True
SLOT-FDH-033-11-16:00-19:00,2026-08-16,16:00-19:00,FDH-033,True
SLOT-FDH-033-12-09:00-12:00,2026-08-17,09:00-12:00,FDH-033,False
SLOT-FDH-033-12-13:00-16:00,2026-08-17,13:00-16:00,FDH-033,True
SLOT-FDH-033-12-16:00-19:00,2026-08-17,16:00-19:00,FDH-033,True
SLOT-FDH-033-13-09:00-12:00,2026-08-18,09:00-12:00,FDH-033,True
SLOT-FDH-033-13-13:00-16:00,2026-08-18,13:00-16:00,FDH-033,True
SLOT-FDH-033-13-16:00-19:00,2026-08-18,16:00-19:00,FDH-033,True
SLOT-FDH-034-0-09:00-12:00,2026-08-05,09:00-12:00,FDH-034,True
SLOT-FDH-034-0-13:00-16:00,2026-08-05,13:00-16:00,FDH-034,True
SLOT-FDH-034-0-16:00-19:00,2026-08-05,16:00-19:00,FDH-034,True
SLOT-FDH-034-1-09:00-12:00,2026-08-06,09:00-12:00,FDH-034,True
SLOT-FDH-034-1-13:00-16:00,2026-08-06,13:00-16:00,FDH-034,True
SLOT-FDH-034-1-16:00-19:00,2026-08-06,16:00-19:00,FDH-034,True
SLOT-FDH-034-2-09:00-12:00,2026-08-07,09:00-12:00,FDH-034,True
SLOT-FDH-034-2-13:00-16:00,2026-08-07,13:00-16:00,FDH-034,True
SLOT-FDH-034-2-16:00-19:00,2026-08-07,16:00-19:00,FDH-034,True
SLOT-FDH-034-3-09:00-12:00,2026-08-08,09:00-12:00,FDH-034,True
SLOT-FDH-034-3-13:00-16:00,2026-08-08,13:00-16:00,FDH-034,True
SLOT-FDH-034-3-16:00-19:00,2026-08-08,16:00-19:00,FDH-034,True
SLOT-FDH-034-4-09:00-12:00,2026-08-09,09:00-12:00,FDH-034,True
SLOT-FDH-034-4-13:00-16:00,2026-08-09,13:00-16:00,FDH-034,False
SLOT-FDH-034-4-16:00-19:00,2026-08-09,16:00-19:00,FDH-034,True
SLOT-FDH-034-5-09:00-12:00,2026-08-10,09:00-12:00,FDH-034,True
SLOT-FDH-034-5-13:00-16:00,2026-08-10,13:00-16:00,FDH-034,True
SLOT-FDH-034-5-16:00-19:00,2026-08-10,16:00-19:00,FDH-034,True
SLOT-FDH-034-6-09:00-12:00,2026-08-11,09:00-12:00,FDH-034,True
SLOT-FDH-034-6-13:00-16:00,2026-08-11,13:00-16:00,FDH-034,True
SLOT-FDH-034-6-16:00-19:00,2026-08-11,16:00-19:00,FDH-034,True
SLOT-FDH-034-7-09:00-12:00,2026-08-12,09:00-12:00,FDH-034,True
SLOT-FDH-034-7-13:00-16:00,2026-08-12,13:00-16:00,FDH-034,True
SLOT-FDH-034-7-16:00-19:00,2026-08-12,16:00-19:00,FDH-034,True
SLOT-FDH-034-8-09:00-12:00,2026-08-13,09:00-12:00,FDH-034,True
SLOT-FDH-034-8-13:00-16:00,2026-08-13,13:00-16:00,FDH-034,True
SLOT-FDH-034-8-16:00-19:00,2026-08-13,16:00-19:00,FDH-034,True
SLOT-FDH-034-9-09:00-12:00,2026-08-14,09:00-12:00,FDH-034,True
SLOT-FDH-034-9-13:00-16:00,2026-08-14,13:00-16:00,FDH-034,True
SLOT-FDH-034-9-16:00-19:00,2026-08-14,16:00-19:00,FDH-034,True
SLOT-FDH-034-10-09:00-12:00,2026-08-15,09:00-12:00,FDH-034,False
SLOT-FDH-034-10-13:00-16:00,2026-08-15,13:00-16:00,FDH-034,True
SLOT-FDH-034-10-16:00-19:00,2026-08-15,16:00-19:00,FDH-034,True
SLOT-FDH-034-11-09:00-12:00,2026-08-16,09:00-12:00,FDH-034,False
SLOT-FDH-034-11-13:00-16:00,2026-08-16,13:00-16:00,FDH-034,True
SLOT-FDH-034-11-16:00-19:00,2026-08-16,16:00-19:00,FDH-034,True
SLOT-FDH-034-12-09:00-12:00,2026-08-17,09:00-12:00,FDH-034,True
SLOT-FDH-034-12-13:00-16:00,2026-08-17,13:00-16:00,FDH-034,True
SLOT-FDH-034-12-16:00-19:00,2026-08-17,16:00-19:00,FDH-034,True
SLOT-FDH-034-13-09:00-12:00,2026-08-18,09:00-12:00,FDH-034,True
SLOT-FDH-034-13-13:00-16:00,2026-08-18,13:00-16:00,FDH-034,True
SLOT-FDH-034-13-16:00-19:00,2026-08-18,16:00-19:00,FDH-034,True
SLOT-FDH-035-0-09:00-12:00,2026-08-05,09:00-12:00,FDH-035,True
SLOT-FDH-035-0-13:00-16:00,2026-08-05,13:00-16:00,FDH-035,True
SLOT-FDH-035-0-16:00-19:00,2026-08-05,16:00-19:00,FDH-035,True
SLOT-FDH-035-1-09:00-12:00,2026-08-06,09:00-12:00,FDH-035,False
SLOT-FDH-035-1-13:00-16:00,2026-08-06,13:00-16:00,FDH-035,True
SLOT-FDH-035-1-16:00-19:00,2026-08-06,16:00-19:00,FDH-035,True
SLOT-FDH-035-2-09:00-12:00,2026-08-07,09:00-12:00,FDH-035,True
SLOT-FDH-035-2-13:00-16:00,2026-08-07,13:00-16:00,FDH-035,True
SLOT-FDH-035-2-16:00-19:00,2026-08-07,16:00-19:00,FDH-035,False
SLOT-FDH-035-3-09:00-12:00,2026-08-08,09:00-12:00,FDH-035,True
SLOT-FDH-035-3-13:00-16:00,2026-08-08,13:00-16:00,FDH-035,False
SLOT-FDH-035-3-16:00-19:00,2026-08-08,16:00-19:00,FDH-035,True
SLOT-FDH-035-4-09:00-12:00,2026-08-09,09:00-12:00,FDH-035,False
SLOT-FDH-035-4-13:00-16:00,2026-08-09,13:00-16:00,FDH-035,True
SLOT-FDH-035-4-16:00-19:00,2026-08-09,16:00-19:00,FDH-035,True
SLOT-FDH-035-5-09:00-12:00,2026-08-10,09:00-12:00,FDH-035,True
SLOT-FDH-035-5-13:00-16:00,2026-08-10,13:00-16:00,FDH-035,True
SLOT-FDH-035-5-16:00-19:00,2026-08-10,16:00-19:00,FDH-035,False
SLOT-FDH-035-6-09:00-12:00,2026-08-11,09:00-12:00,FDH-035,True
SLOT-FDH-035-6-13:00-16:00,2026-08-11,13:00-16:00,FDH-035,True
SLOT-FDH-035-6-16:00-19:00,2026-08-11,16:00-19:00,FDH-035,True
SLOT-FDH-035-7-09:00-12:00,2026-08-12,09:00-12:00,FDH-035,True
SLOT-FDH-035-7-13:00-16:00,2026-08-12,13:00-16:00,FDH-035,True
SLOT-FDH-035-7-16:00-19:00,2026-08-12,16:00-19:00,FDH-035,True
SLOT-FDH-035-8-09:00-12:00,2026-08-13,09:00-12:00,FDH-035,True
SLOT-FDH-035-8-13:00-16:00,2026-08-13,13:00-16:00,FDH-035,False
SLOT-FDH-035-8-16:00-19:00,2026-08-13,16:00-19:00,FDH-035,True
SLOT-FDH-035-9-09:00-12:00,2026-08-14,09:00-12:00,FDH-035,True
SLOT-FDH-035-9-13:00-16:00,2026-08-14,13:00-16:00,FDH-035,True
SLOT-FDH-035-9-16:00-19:00,2026-08-14,16:00-19:00,FDH-035,True
SLOT-FDH-035-10-09:00-12:00,2026-08-15,09:00-12:00,FDH-035,True
SLOT-FDH-035-10-13:00-16:00,2026-08-15,13:00-16:00,FDH-035,True
SLOT-FDH-035-10-16:00-19:00,2026-08-15,16:00-19:00,FDH-035,False
SLOT-FDH-035-11-09:00-12:00,2026-08-16,09:00-12:00,FDH-035,True
SLOT-FDH-035-11-13:00-16:00,2026-08-16,13:00-16:00,FDH-035,False
SLOT-FDH-035-11-16:00-19:00,2026-08-16,16:00-19:00,FDH-035,True
SLOT-FDH-035-12-09:00-12:00,2026-08-17,09:00-12:00,FDH-035,True
SLOT-FDH-035-12-13:00-16:00,2026-08-17,13:00-16:00,FDH-035,True
SLOT-FDH-035-12-16:00-19:00,2026-08-17,16:00-19:00,FDH-035,True
SLOT-FDH-035-13-09:00-12:00,2026-08-18,09:00-12:00,FDH-035,False
SLOT-FDH-035-13-13:00-16:00,2026-08-18,13:00-16:00,FDH-035,True
SLOT-FDH-035-13-16:00-19:00,2026-08-18,16:00-19:00,FDH-035,True
SLOT-FDH-036-0-09:00-12:00,2026-08-05,09:00-12:00,FDH-036,False
SLOT-FDH-036-0-13:00-16:00,2026-08-05,13:00-16:00,FDH-036,True
SLOT-FDH-036-0-16:00-19:00,2026-08-05,16:00-19:00,FDH-036,False
SLOT-FDH-036-1-09:00-12:00,2026-08-06,09:00-12:00,FDH-036,True
SLOT-FDH-036-1-13:00-16:00,2026-08-06,13:00-16:00,FDH-036,False
SLOT-FDH-036-1-16:00-19:00,2026-08-06,16:00-19:00,FDH-036,True
SLOT-FDH-036-2-09:00-12:00,2026-08-07,09:00-12:00,FDH-036,True
SLOT-FDH-036-2-13:00-16:00,2026-08-07,13:00-16:00,FDH-036,True
SLOT-FDH-036-2-16:00-19:00,2026-08-07,16:00-19:00,FDH-036,True
SLOT-FDH-036-3-09:00-12:00,2026-08-08,09:00-12:00,FDH-036,True
SLOT-FDH-036-3-13:00-16:00,2026-08-08,13:00-16:00,FDH-036,True
SLOT-FDH-036-3-16:00-19:00,2026-08-08,16:00-19:00,FDH-036,True
SLOT-FDH-036-4-09:00-12:00,2026-08-09,09:00-12:00,FDH-036,True
SLOT-FDH-036-4-13:00-16:00,2026-08-09,13:00-16:00,FDH-036,True
SLOT-FDH-036-4-16:00-19:00,2026-08-09,16:00-19:00,FDH-036,True
SLOT-FDH-036-5-09:00-12:00,2026-08-10,09:00-12:00,FDH-036,True
SLOT-FDH-036-5-13:00-16:00,2026-08-10,13:00-16:00,FDH-036,True
SLOT-FDH-036-5-16:00-19:00,2026-08-10,16:00-19:00,FDH-036,True
SLOT-FDH-036-6-09:00-12:00,2026-08-11,09:00-12:00,FDH-036,False
SLOT-FDH-036-6-13:00-16:00,2026-08-11,13:00-16:00,FDH-036,True
SLOT-FDH-036-6-16:00-19:00,2026-08-11,16:00-19:00,FDH-036,True
SLOT-FDH-036-7-09:00-12:00,2026-08-12,09:00-12:00,FDH-036,True
SLOT-FDH-036-7-13:00-16:00,2026-08-12,13:00-16:00,FDH-036,True
SLOT-FDH-036-7-16:00-19:00,2026-08-12,16:00-19:00,FDH-036,True
SLOT-FDH-036-8-09:00-12:00,2026-08-13,09:00-12:00,FDH-036,True
SLOT-FDH-036-8-13:00-16:00,2026-08-13,13:00-16:00,FDH-036,True
SLOT-FDH-036-8-16:00-19:00,2026-08-13,16:00-19:00,FDH-036,True
SLOT-FDH-036-9-09:00-12:00,2026-08-14,09:00-12:00,FDH-036,True
SLOT-FDH-036-9-13:00-16:00,2026-08-14,13:00-16:00,FDH-036,False
SLOT-FDH-036-9-16:00-19:00,2026-08-14,16:00-19:00,FDH-036,True
SLOT-FDH-036-10-09:00-12:00,2026-08-15,09:00-12:00,FDH-036,True
SLOT-FDH-036-10-13:00-16:00,2026-08-15,13:00-16:00,FDH-036,True
SLOT-FDH-036-10-16:00-19:00,2026-08-15,16:00-19:00,FDH-036,True
SLOT-FDH-036-11-09:00-12:00,2026-08-16,09:00-12:00,FDH-036,False
SLOT-FDH-036-11-13:00-16:00,2026-08-16,13:00-16:00,FDH-036,True
SLOT-FDH-036-11-16:00-19:00,2026-08-16,16:00-19:00,FDH-036,True
SLOT-FDH-036-12-09:00-12:00,2026-08-17,09:00-12:00,FDH-036,True
SLOT-FDH-036-12-13:00-16:00,2026-08-17,13:00-16:00,FDH-036,True
SLOT-FDH-036-12-16:00-19:00,2026-08-17,16:00-19:00,FDH-036,False
SLOT-FDH-036-13-09:00-12:00,2026-08-18,09:00-12:00,FDH-036,False
SLOT-FDH-036-13-13:00-16:00,2026-08-18,13:00-16:00,FDH-036,False
SLOT-FDH-036-13-16:00-19:00,2026-08-18,16:00-19:00,FDH-036,True
SLOT-FDH-037-0-09:00-12:00,2026-08-05,09:00-12:00,FDH-037,True
SLOT-FDH-037-0-13:00-16:00,2026-08-05,13:00-16:00,FDH-037,True
SLOT-FDH-037-0-16:00-19:00,2026-08-05,16:00-19:00,FDH-037,True
SLOT-FDH-037-1-09:00-12:00,2026-08-06,09:00-12:00,FDH-037,False
SLOT-FDH-037-1-13:00-16:00,2026-08-06,13:00-16:00,FDH-037,True
SLOT-FDH-037-1-16:00-19:00,2026-08-06,16:00-19:00,FDH-037,True
SLOT-FDH-037-2-09:00-12:00,2026-08-07,09:00-12:00,FDH-037,True
SLOT-FDH-037-2-13:00-16:00,2026-08-07,13:00-16:00,FDH-037,True
SLOT-FDH-037-2-16:00-19:00,2026-08-07,16:00-19:00,FDH-037,True
SLOT-FDH-037-3-09:00-12:00,2026-08-08,09:00-12:00,FDH-037,True
SLOT-FDH-037-3-13:00-16:00,2026-08-08,13:00-16:00,FDH-037,True
SLOT-FDH-037-3-16:00-19:00,2026-08-08,16:00-19:00,FDH-037,True
SLOT-FDH-037-4-09:00-12:00,2026-08-09,09:00-12:00,FDH-037,True
SLOT-FDH-037-4-13:00-16:00,2026-08-09,13:00-16:00,FDH-037,True
SLOT-FDH-037-4-16:00-19:00,2026-08-09,16:00-19:00,FDH-037,False
SLOT-FDH-037-5-09:00-12:00,2026-08-10,09:00-12:00,FDH-037,True
SLOT-FDH-037-5-13:00-16:00,2026-08-10,13:00-16:00,FDH-037,True
SLOT-FDH-037-5-16:00-19:00,2026-08-10,16:00-19:00,FDH-037,False
SLOT-FDH-037-6-09:00-12:00,2026-08-11,09:00-12:00,FDH-037,True
SLOT-FDH-037-6-13:00-16:00,2026-08-11,13:00-16:00,FDH-037,False
SLOT-FDH-037-6-16:00-19:00,2026-08-11,16:00-19:00,FDH-037,True
SLOT-FDH-037-7-09:00-12:00,2026-08-12,09:00-12:00,FDH-037,True
SLOT-FDH-037-7-13:00-16:00,2026-08-12,13:00-16:00,FDH-037,True
SLOT-FDH-037-7-16:00-19:00,2026-08-12,16:00-19:00,FDH-037,True
SLOT-FDH-037-8-09:00-12:00,2026-08-13,09:00-12:00,FDH-037,False
SLOT-FDH-037-8-13:00-16:00,2026-08-13,13:00-16:00,FDH-037,True
SLOT-FDH-037-8-16:00-19:00,2026-08-13,16:00-19:00,FDH-037,True
SLOT-FDH-037-9-09:00-12:00,2026-08-14,09:00-12:00,FDH-037,True
SLOT-FDH-037-9-13:00-16:00,2026-08-14,13:00-16:00,FDH-037,True
SLOT-FDH-037-9-16:00-19:00,2026-08-14,16:00-19:00,FDH-037,True
SLOT-FDH-037-10-09:00-12:00,2026-08-15,09:00-12:00,FDH-037,True
SLOT-FDH-037-10-13:00-16:00,2026-08-15,13:00-16:00,FDH-037,True
SLOT-FDH-037-10-16:00-19:00,2026-08-15,16:00-19:00,FDH-037,True
SLOT-FDH-037-11-09:00-12:00,2026-08-16,09:00-12:00,FDH-037,False
SLOT-FDH-037-11-13:00-16:00,2026-08-16,13:00-16:00,FDH-037,False
SLOT-FDH-037-11-16:00-19:00,2026-08-16,16:00-19:00,FDH-037,True
SLOT-FDH-037-12-09:00-12:00,2026-08-17,09:00-12:00,FDH-037,True
SLOT-FDH-037-12-13:00-16:00,2026-08-17,13:00-16:00,FDH-037,True
SLOT-FDH-037-12-16:00-19:00,2026-08-17,16:00-19:00,FDH-037,True
SLOT-FDH-037-13-09:00-12:00,2026-08-18,09:00-12:00,FDH-037,True
SLOT-FDH-037-13-13:00-16:00,2026-08-18,13:00-16:00,FDH-037,True
SLOT-FDH-037-13-16:00-19:00,2026-08-18,16:00-19:00,FDH-037,True
SLOT-FDH-038-0-09:00-12:00,2026-08-05,09:00-12:00,FDH-038,True
SLOT-FDH-038-0-13:00-16:00,2026-08-05,13:00-16:00,FDH-038,True
SLOT-FDH-038-0-16:00-19:00,2026-08-05,16:00-19:00,FDH-038,True
SLOT-FDH-038-1-09:00-12:00,2026-08-06,09:00-12:00,FDH-038,True
SLOT-FDH-038-1-13:00-16:00,2026-08-06,13:00-16:00,FDH-038,True
SLOT-FDH-038-1-16:00-19:00,2026-08-06,16:00-19:00,FDH-038,True
SLOT-FDH-038-2-09:00-12:00,2026-08-07,09:00-12:00,FDH-038,False
SLOT-FDH-038-2-13:00-16:00,2026-08-07,13:00-16:00,FDH-038,True
SLOT-FDH-038-2-16:00-19:00,2026-08-07,16:00-19:00,FDH-038,False
SLOT-FDH-038-3-09:00-12:00,2026-08-08,09:00-12:00,FDH-038,True
SLOT-FDH-038-3-13:00-16:00,2026-08-08,13:00-16:00,FDH-038,False
SLOT-FDH-038-3-16:00-19:00,2026-08-08,16:00-19:00,FDH-038,True
SLOT-FDH-038-4-09:00-12:00,2026-08-09,09:00-12:00,FDH-038,True
SLOT-FDH-038-4-13:00-16:00,2026-08-09,13:00-16:00,FDH-038,True
SLOT-FDH-038-4-16:00-19:00,2026-08-09,16:00-19:00,FDH-038,True
SLOT-FDH-038-5-09:00-12:00,2026-08-10,09:00-12:00,FDH-038,True
SLOT-FDH-038-5-13:00-16:00,2026-08-10,13:00-16:00,FDH-038,True
SLOT-FDH-038-5-16:00-19:00,2026-08-10,16:00-19:00,FDH-038,True
SLOT-FDH-038-6-09:00-12:00,2026-08-11,09:00-12:00,FDH-038,True
SLOT-FDH-038-6-13:00-16:00,2026-08-11,13:00-16:00,FDH-038,False
SLOT-FDH-038-6-16:00-19:00,2026-08-11,16:00-19:00,FDH-038,True
SLOT-FDH-038-7-09:00-12:00,2026-08-12,09:00-12:00,FDH-038,False
SLOT-FDH-038-7-13:00-16:00,2026-08-12,13:00-16:00,FDH-038,False
SLOT-FDH-038-7-16:00-19:00,2026-08-12,16:00-19:00,FDH-038,True
SLOT-FDH-038-8-09:00-12:00,2026-08-13,09:00-12:00,FDH-038,True
SLOT-FDH-038-8-13:00-16:00,2026-08-13,13:00-16:00,FDH-038,True
SLOT-FDH-038-8-16:00-19:00,2026-08-13,16:00-19:00,FDH-038,True
SLOT-FDH-038-9-09:00-12:00,2026-08-14,09:00-12:00,FDH-038,True
SLOT-FDH-038-9-13:00-16:00,2026-08-14,13:00-16:00,FDH-038,True
SLOT-FDH-038-9-16:00-19:00,2026-08-14,16:00-19:00,FDH-038,True
SLOT-FDH-038-10-09:00-12:00,2026-08-15,09:00-12:00,FDH-038,False
SLOT-FDH-038-10-13:00-16:00,2026-08-15,13:00-16:00,FDH-038,True
SLOT-FDH-038-10-16:00-19:00,2026-08-15,16:00-19:00,FDH-038,True
SLOT-FDH-038-11-09:00-12:00,2026-08-16,09:00-12:00,FDH-038,True
SLOT-FDH-038-11-13:00-16:00,2026-08-16,13:00-16:00,FDH-038,True
SLOT-FDH-038-11-16:00-19:00,2026-08-16,16:00-19:00,FDH-038,True
SLOT-FDH-038-12-09:00-12:00,2026-08-17,09:00-12:00,FDH-038,True
SLOT-FDH-038-12-13:00-16:00,2026-08-17,13:00-16:00,FDH-038,True
SLOT-FDH-038-12-16:00-19:00,2026-08-17,16:00-19:00,FDH-038,False
SLOT-FDH-038-13-09:00-12:00,2026-08-18,09:00-12:00,FDH-038,False
SLOT-FDH-038-13-13:00-16:00,2026-08-18,13:00-16:00,FDH-038,True
SLOT-FDH-038-13-16:00-19:00,2026-08-18,16:00-19:00,FDH-038,True
SLOT-FDH-039-0-09:00-12:00,2026-08-05,09:00-12:00,FDH-039,True
SLOT-FDH-039-0-13:00-16:00,2026-08-05,13:00-16:00,FDH-039,True
SLOT-FDH-039-0-16:00-19:00,2026-08-05,16:00-19:00,FDH-039,True
SLOT-FDH-039-1-09:00-12:00,2026-08-06,09:00-12:00,FDH-039,True
SLOT-FDH-039-1-13:00-16:00,2026-08-06,13:00-16:00,FDH-039,True
SLOT-FDH-039-1-16:00-19:00,2026-08-06,16:00-19:00,FDH-039,True
SLOT-FDH-039-2-09:00-12:00,2026-08-07,09:00-12:00,FDH-039,True
SLOT-FDH-039-2-13:00-16:00,2026-08-07,13:00-16:00,FDH-039,True
SLOT-FDH-039-2-16:00-19:00,2026-08-07,16:00-19:00,FDH-039,True
SLOT-FDH-039-3-09:00-12:00,2026-08-08,09:00-12:00,FDH-039,True
SLOT-FDH-039-3-13:00-16:00,2026-08-08,13:00-16:00,FDH-039,True
SLOT-FDH-039-3-16:00-19:00,2026-08-08,16:00-19:00,FDH-039,True
SLOT-FDH-039-4-09:00-12:00,2026-08-09,09:00-12:00,FDH-039,True
SLOT-FDH-039-4-13:00-16:00,2026-08-09,13:00-16:00,FDH-039,True
SLOT-FDH-039-4-16:00-19:00,2026-08-09,16:00-19:00,FDH-039,True
SLOT-FDH-039-5-09:00-12:00,2026-08-10,09:00-12:00,FDH-039,False
SLOT-FDH-039-5-13:00-16:00,2026-08-10,13:00-16:00,FDH-039,True
SLOT-FDH-039-5-16:00-19:00,2026-08-10,16:00-19:00,FDH-039,False
SLOT-FDH-039-6-09:00-12:00,2026-08-11,09:00-12:00,FDH-039,True
SLOT-FDH-039-6-13:00-16:00,2026-08-11,13:00-16:00,FDH-039,False
SLOT-FDH-039-6-16:00-19:00,2026-08-11,16:00-19:00,FDH-039,True
SLOT-FDH-039-7-09:00-12:00,2026-08-12,09:00-12:00,FDH-039,True
SLOT-FDH-039-7-13:00-16:00,2026-08-12,13:00-16:00,FDH-039,True
SLOT-FDH-039-7-16:00-19:00,2026-08-12,16:00-19:00,FDH-039,True
SLOT-FDH-039-8-09:00-12:00,2026-08-13,09:00-12:00,FDH-039,True
SLOT-FDH-039-8-13:00-16:00,2026-08-13,13:00-16:00,FDH-039,True
SLOT-FDH-039-8-16:00-19:00,2026-08-13,16:00-19:00,FDH-039,True
SLOT-FDH-039-9-09:00-12:00,2026-08-14,09:00-12:00,FDH-039,False
SLOT-FDH-039-9-13:00-16:00,2026-08-14,13:00-16:00,FDH-039,True
SLOT-FDH-039-9-16:00-19:00,2026-08-14,16:00-19:00,FDH-039,True
SLOT-FDH-039-10-09:00-12:00,2026-08-15,09:00-12:00,FDH-039,True
SLOT-FDH-039-10-13:00-16:00,2026-08-15,13:00-16:00,FDH-039,True
SLOT-FDH-039-10-16:00-19:00,2026-08-15,16:00-19:00,FDH-039,True
SLOT-FDH-039-11-09:00-12:00,2026-08-16,09:00-12:00,FDH-039,True
SLOT-FDH-039-11-13:00-16:00,2026-08-16,13:00-16:00,FDH-039,True
SLOT-FDH-039-11-16:00-19:00,2026-08-16,16:00-19:00,FDH-039,True
SLOT-FDH-039-12-09:00-12:00,2026-08-17,09:00-12:00,FDH-039,True
SLOT-FDH-039-12-13:00-16:00,2026-08-17,13:00-16:00,FDH-039,True
SLOT-FDH-039-12-16:00-19:00,2026-08-17,16:00-19:00,FDH-039,True
SLOT-FDH-039-13-09:00-12:00,2026-08-18,09:00-12:00,FDH-039,False
SLOT-FDH-039-13-13:00-16:00,2026-08-18,13:00-16:00,FDH-039,True
SLOT-FDH-039-13-16:00-19:00,2026-08-18,16:00-19:00,FDH-039,True
SLOT-FDH-040-0-09:00-12:00,2026-08-05,09:00-12:00,FDH-040,True
SLOT-FDH-040-0-13:00-16:00,2026-08-05,13:00-16:00,FDH-040,True
SLOT-FDH-040-0-16:00-19:00,2026-08-05,16:00-19:00,FDH-040,True
SLOT-FDH-040-1-09:00-12:00,2026-08-06,09:00-12:00,FDH-040,True
SLOT-FDH-040-1-13:00-16:00,2026-08-06,13:00-16:00,FDH-040,True
SLOT-FDH-040-1-16:00-19:00,2026-08-06,16:00-19:00,FDH-040,False
SLOT-FDH-040-2-09:00-12:00,2026-08-07,09:00-12:00,FDH-040,False
SLOT-FDH-040-2-13:00-16:00,2026-08-07,13:00-16:00,FDH-040,False
SLOT-FDH-040-2-16:00-19:00,2026-08-07,16:00-19:00,FDH-040,True
SLOT-FDH-040-3-09:00-12:00,2026-08-08,09:00-12:00,FDH-040,False
SLOT-FDH-040-3-13:00-16:00,2026-08-08,13:00-16:00,FDH-040,False
SLOT-FDH-040-3-16:00-19:00,2026-08-08,16:00-19:00,FDH-040,True
SLOT-FDH-040-4-09:00-12:00,2026-08-09,09:00-12:00,FDH-040,True
SLOT-FDH-040-4-13:00-16:00,2026-08-09,13:00-16:00,FDH-040,True
SLOT-FDH-040-4-16:00-19:00,2026-08-09,16:00-19:00,FDH-040,False
SLOT-FDH-040-5-09:00-12:00,2026-08-10,09:00-12:00,FDH-040,False
SLOT-FDH-040-5-13:00-16:00,2026-08-10,13:00-16:00,FDH-040,False
SLOT-FDH-040-5-16:00-19:00,2026-08-10,16:00-19:00,FDH-040,True
SLOT-FDH-040-6-09:00-12:00,2026-08-11,09:00-12:00,FDH-040,False
SLOT-FDH-040-6-13:00-16:00,2026-08-11,13:00-16:00,FDH-040,True
SLOT-FDH-040-6-16:00-19:00,2026-08-11,16:00-19:00,FDH-040,True
SLOT-FDH-040-7-09:00-12:00,2026-08-12,09:00-12:00,FDH-040,True
SLOT-FDH-040-7-13:00-16:00,2026-08-12,13:00-16:00,FDH-040,True
SLOT-FDH-040-7-16:00-19:00,2026-08-12,16:00-19:00,FDH-040,False
SLOT-FDH-040-8-09:00-12:00,2026-08-13,09:00-12:00,FDH-040,False
SLOT-FDH-040-8-13:00-16:00,2026-08-13,13:00-16:00,FDH-040,True
SLOT-FDH-040-8-16:00-19:00,2026-08-13,16:00-19:00,FDH-040,False
SLOT-FDH-040-9-09:00-12:00,2026-08-14,09:00-12:00,FDH-040,True
SLOT-FDH-040-9-13:00-16:00,2026-08-14,13:00-16:00,FDH-040,True
SLOT-FDH-040-9-16:00-19:00,2026-08-14,16:00-19:00,FDH-040,True
SLOT-FDH-040-10-09:00-12:00,2026-08-15,09:00-12:00,FDH-040,True
SLOT-FDH-040-10-13:00-16:00,2026-08-15,13:00-16:00,FDH-040,True
SLOT-FDH-040-10-16:00-19:00,2026-08-15,16:00-19:00,FDH-040,True
SLOT-FDH-040-11-09:00-12:00,2026-08-16,09:00-12:00,FDH-040,True
SLOT-FDH-040-11-13:00-16:00,2026-08-16,13:00-16:00,FDH-040,True
SLOT-FDH-040-11-16:00-19:00,2026-08-16,16:00-19:00,FDH-040,True
SLOT-FDH-040-12-09:00-12:00,2026-08-17,09:00-12:00,FDH-040,True
SLOT-FDH-040-12-13:00-16:00,2026-08-17,13:00-16:00,FDH-040,False
SLOT-FDH-040-12-16:00-19:00,2026-08-17,16:00-19:00,FDH-040,True
SLOT-FDH-040-13-09:00-12:00,2026-08-18,09:00-12:00,FDH-040,True
SLOT-FDH-040-13-13:00-16:00,2026-08-18,13:00-16:00,FDH-040,False
SLOT-FDH-040-13-16:00-19:00,2026-08-18,16:00-19:00,FDH-040,False
SLOT-FDH-041-0-09:00-12:00,2026-08-05,09:00-12:00,FDH-041,False
SLOT-FDH-041-0-13:00-16:00,2026-08-05,13:00-16:00,FDH-041,False
SLOT-FDH-041-0-16:00-19:00,2026-08-05,16:00-19:00,FDH-041,True
SLOT-FDH-041-1-09:00-12:00,2026-08-06,09:00-12:00,FDH-041,False
SLOT-FDH-041-1-13:00-16:00,2026-08-06,13:00-16:00,FDH-041,True
SLOT-FDH-041-1-16:00-19:00,2026-08-06,16:00-19:00,FDH-041,True
SLOT-FDH-041-2-09:00-12:00,2026-08-07,09:00-12:00,FDH-041,True
SLOT-FDH-041-2-13:00-16:00,2026-08-07,13:00-16:00,FDH-041,True
SLOT-FDH-041-2-16:00-19:00,2026-08-07,16:00-19:00,FDH-041,True
SLOT-FDH-041-3-09:00-12:00,2026-08-08,09:00-12:00,FDH-041,True
SLOT-FDH-041-3-13:00-16:00,2026-08-08,13:00-16:00,FDH-041,True
SLOT-FDH-041-3-16:00-19:00,2026-08-08,16:00-19:00,FDH-041,True
SLOT-FDH-041-4-09:00-12:00,2026-08-09,09:00-12:00,FDH-041,True
SLOT-FDH-041-4-13:00-16:00,2026-08-09,13:00-16:00,FDH-041,True
SLOT-FDH-041-4-16:00-19:00,2026-08-09,16:00-19:00,FDH-041,True
SLOT-FDH-041-5-09:00-12:00,2026-08-10,09:00-12:00,FDH-041,True
SLOT-FDH-041-5-13:00-16:00,2026-08-10,13:00-16:00,FDH-041,True
SLOT-FDH-041-5-16:00-19:00,2026-08-10,16:00-19:00,FDH-041,False
SLOT-FDH-041-6-09:00-12:00,2026-08-11,09:00-12:00,FDH-041,True
SLOT-FDH-041-6-13:00-16:00,2026-08-11,13:00-16:00,FDH-041,False
SLOT-FDH-041-6-16:00-19:00,2026-08-11,16:00-19:00,FDH-041,True
SLOT-FDH-041-7-09:00-12:00,2026-08-12,09:00-12:00,FDH-041,True
SLOT-FDH-041-7-13:00-16:00,2026-08-12,13:00-16:00,FDH-041,True
SLOT-FDH-041-7-16:00-19:00,2026-08-12,16:00-19:00,FDH-041,False
SLOT-FDH-041-8-09:00-12:00,2026-08-13,09:00-12:00,FDH-041,False
SLOT-FDH-041-8-13:00-16:00,2026-08-13,13:00-16:00,FDH-041,True
SLOT-FDH-041-8-16:00-19:00,2026-08-13,16:00-19:00,FDH-041,False
SLOT-FDH-041-9-09:00-12:00,2026-08-14,09:00-12:00,FDH-041,False
SLOT-FDH-041-9-13:00-16:00,2026-08-14,13:00-16:00,FDH-041,False
SLOT-FDH-041-9-16:00-19:00,2026-08-14,16:00-19:00,FDH-041,False
SLOT-FDH-041-10-09:00-12:00,2026-08-15,09:00-12:00,FDH-041,True
SLOT-FDH-041-10-13:00-16:00,2026-08-15,13:00-16:00,FDH-041,True
SLOT-FDH-041-10-16:00-19:00,2026-08-15,16:00-19:00,FDH-041,False
SLOT-FDH-041-11-09:00-12:00,2026-08-16,09:00-12:00,FDH-041,False
SLOT-FDH-041-11-13:00-16:00,2026-08-16,13:00-16:00,FDH-041,True
SLOT-FDH-041-11-16:00-19:00,2026-08-16,16:00-19:00,FDH-041,True
SLOT-FDH-041-12-09:00-12:00,2026-08-17,09:00-12:00,FDH-041,False
SLOT-FDH-041-12-13:00-16:00,2026-08-17,13:00-16:00,FDH-041,True
SLOT-FDH-041-12-16:00-19:00,2026-08-17,16:00-19:00,FDH-041,True
SLOT-FDH-041-13-09:00-12:00,2026-08-18,09:00-12:00,FDH-041,True
SLOT-FDH-041-13-13:00-16:00,2026-08-18,13:00-16:00,FDH-041,False
SLOT-FDH-041-13-16:00-19:00,2026-08-18,16:00-19:00,FDH-041,True
SLOT-FDH-042-0-09:00-12:00,2026-08-05,09:00-12:00,FDH-042,False
SLOT-FDH-042-0-13:00-16:00,2026-08-05,13:00-16:00,FDH-042,False
SLOT-FDH-042-0-16:00-19:00,2026-08-05,16:00-19:00,FDH-042,True
SLOT-FDH-042-1-09:00-12:00,2026-08-06,09:00-12:00,FDH-042,True
SLOT-FDH-042-1-13:00-16:00,2026-08-06,13:00-16:00,FDH-042,True
SLOT-FDH-042-1-16:00-19:00,2026-08-06,16:00-19:00,FDH-042,True
SLOT-FDH-042-2-09:00-12:00,2026-08-07,09:00-12:00,FDH-042,True
SLOT-FDH-042-2-13:00-16:00,2026-08-07,13:00-16:00,FDH-042,False
SLOT-FDH-042-2-16:00-19:00,2026-08-07,16:00-19:00,FDH-042,True
SLOT-FDH-042-3-09:00-12:00,2026-08-08,09:00-12:00,FDH-042,True
SLOT-FDH-042-3-13:00-16:00,2026-08-08,13:00-16:00,FDH-042,False
SLOT-FDH-042-3-16:00-19:00,2026-08-08,16:00-19:00,FDH-042,True
SLOT-FDH-042-4-09:00-12:00,2026-08-09,09:00-12:00,FDH-042,True
SLOT-FDH-042-4-13:00-16:00,2026-08-09,13:00-16:00,FDH-042,True
SLOT-FDH-042-4-16:00-19:00,2026-08-09,16:00-19:00,FDH-042,True
SLOT-FDH-042-5-09:00-12:00,2026-08-10,09:00-12:00,FDH-042,True
SLOT-FDH-042-5-13:00-16:00,2026-08-10,13:00-16:00,FDH-042,True
SLOT-FDH-042-5-16:00-19:00,2026-08-10,16:00-19:00,FDH-042,True
SLOT-FDH-042-6-09:00-12:00,2026-08-11,09:00-12:00,FDH-042,True
SLOT-FDH-042-6-13:00-16:00,2026-08-11,13:00-16:00,FDH-042,False
SLOT-FDH-042-6-16:00-19:00,2026-08-11,16:00-19:00,FDH-042,True
SLOT-FDH-042-7-09:00-12:00,2026-08-12,09:00-12:00,FDH-042,True
SLOT-FDH-042-7-13:00-16:00,2026-08-12,13:00-16:00,FDH-042,True
SLOT-FDH-042-7-16:00-19:00,2026-08-12,16:00-19:00,FDH-042,True
SLOT-FDH-042-8-09:00-12:00,2026-08-13,09:00-12:00,FDH-042,False
SLOT-FDH-042-8-13:00-16:00,2026-08-13,13:00-16:00,FDH-042,False
SLOT-FDH-042-8-16:00-19:00,2026-08-13,16:00-19:00,FDH-042,True
SLOT-FDH-042-9-09:00-12:00,2026-08-14,09:00-12:00,FDH-042,True
SLOT-FDH-042-9-13:00-16:00,2026-08-14,13:00-16:00,FDH-042,True
SLOT-FDH-042-9-16:00-19:00,2026-08-14,16:00-19:00,FDH-042,False
SLOT-FDH-042-10-09:00-12:00,2026-08-15,09:00-12:00,FDH-042,True
SLOT-FDH-042-10-13:00-16:00,2026-08-15,13:00-16:00,FDH-042,True
SLOT-FDH-042-10-16:00-19:00,2026-08-15,16:00-19:00,FDH-042,False
SLOT-FDH-042-11-09:00-12:00,2026-08-16,09:00-12:00,FDH-042,True
SLOT-FDH-042-11-13:00-16:00,2026-08-16,13:00-16:00,FDH-042,False
SLOT-FDH-042-11-16:00-19:00,2026-08-16,16:00-19:00,FDH-042,False
SLOT-FDH-042-12-09:00-12:00,2026-08-17,09:00-12:00,FDH-042,False
SLOT-FDH-042-12-13:00-16:00,2026-08-17,13:00-16:00,FDH-042,False
SLOT-FDH-042-12-16:00-19:00,2026-08-17,16:00-19:00,FDH-042,True
SLOT-FDH-042-13-09:00-12:00,2026-08-18,09:00-12:00,FDH-042,True
SLOT-FDH-042-13-13:00-16:00,2026-08-18,13:00-16:00,FDH-042,False
SLOT-FDH-042-13-16:00-19:00,2026-08-18,16:00-19:00,FDH-042,True
SLOT-FDH-043-0-09:00-12:00,2026-08-05,09:00-12:00,FDH-043,False
SLOT-FDH-043-0-13:00-16:00,2026-08-05,13:00-16:00,FDH-043,False
SLOT-FDH-043-0-16:00-19:00,2026-08-05,16:00-19:00,FDH-043,True
SLOT-FDH-043-1-09:00-12:00,2026-08-06,09:00-12:00,FDH-043,False
SLOT-FDH-043-1-13:00-16:00,2026-08-06,13:00-16:00,FDH-043,True
SLOT-FDH-043-1-16:00-19:00,2026-08-06,16:00-19:00,FDH-043,False
SLOT-FDH-043-2-09:00-12:00,2026-08-07,09:00-12:00,FDH-043,False
SLOT-FDH-043-2-13:00-16:00,2026-08-07,13:00-16:00,FDH-043,True
SLOT-FDH-043-2-16:00-19:00,2026-08-07,16:00-19:00,FDH-043,True
SLOT-FDH-043-3-09:00-12:00,2026-08-08,09:00-12:00,FDH-043,True
SLOT-FDH-043-3-13:00-16:00,2026-08-08,13:00-16:00,FDH-043,True
SLOT-FDH-043-3-16:00-19:00,2026-08-08,16:00-19:00,FDH-043,False
SLOT-FDH-043-4-09:00-12:00,2026-08-09,09:00-12:00,FDH-043,True
SLOT-FDH-043-4-13:00-16:00,2026-08-09,13:00-16:00,FDH-043,True
SLOT-FDH-043-4-16:00-19:00,2026-08-09,16:00-19:00,FDH-043,True
SLOT-FDH-043-5-09:00-12:00,2026-08-10,09:00-12:00,FDH-043,True
SLOT-FDH-043-5-13:00-16:00,2026-08-10,13:00-16:00,FDH-043,True
SLOT-FDH-043-5-16:00-19:00,2026-08-10,16:00-19:00,FDH-043,True
SLOT-FDH-043-6-09:00-12:00,2026-08-11,09:00-12:00,FDH-043,True
SLOT-FDH-043-6-13:00-16:00,2026-08-11,13:00-16:00,FDH-043,False
SLOT-FDH-043-6-16:00-19:00,2026-08-11,16:00-19:00,FDH-043,True
SLOT-FDH-043-7-09:00-12:00,2026-08-12,09:00-12:00,FDH-043,True
SLOT-FDH-043-7-13:00-16:00,2026-08-12,13:00-16:00,FDH-043,True
SLOT-FDH-043-7-16:00-19:00,2026-08-12,16:00-19:00,FDH-043,True
SLOT-FDH-043-8-09:00-12:00,2026-08-13,09:00-12:00,FDH-043,True
SLOT-FDH-043-8-13:00-16:00,2026-08-13,13:00-16:00,FDH-043,True
SLOT-FDH-043-8-16:00-19:00,2026-08-13,16:00-19:00,FDH-043,True
SLOT-FDH-043-9-09:00-12:00,2026-08-14,09:00-12:00,FDH-043,True
SLOT-FDH-043-9-13:00-16:00,2026-08-14,13:00-16:00,FDH-043,True
SLOT-FDH-043-9-16:00-19:00,2026-08-14,16:00-19:00,FDH-043,True
SLOT-FDH-043-10-09:00-12:00,2026-08-15,09:00-12:00,FDH-043,False
SLOT-FDH-043-10-13:00-16:00,2026-08-15,13:00-16:00,FDH-043,True
SLOT-FDH-043-10-16:00-19:00,2026-08-15,16:00-19:00,FDH-043,True
SLOT-FDH-043-11-09:00-12:00,2026-08-16,09:00-12:00,FDH-043,True
SLOT-FDH-043-11-13:00-16:00,2026-08-16,13:00-16:00,FDH-043,True
SLOT-FDH-043-11-16:00-19:00,2026-08-16,16:00-19:00,FDH-043,True
SLOT-FDH-043-12-09:00-12:00,2026-08-17,09:00-12:00,FDH-043,True
SLOT-FDH-043-12-13:00-16:00,2026-08-17,13:00-16:00,FDH-043,True
SLOT-FDH-043-12-16:00-19:00,2026-08-17,16:00-19:00,FDH-043,True
SLOT-FDH-043-13-09:00-12:00,2026-08-18,09:00-12:00,FDH-043,True
SLOT-FDH-043-13-13:00-16:00,2026-08-18,13:00-16:00,FDH-043,True
SLOT-FDH-043-13-16:00-19:00,2026-08-18,16:00-19:00,FDH-043,True
SLOT-FDH-044-0-09:00-12:00,2026-08-05,09:00-12:00,FDH-044,True
SLOT-FDH-044-0-13:00-16:00,2026-08-05,13:00-16:00,FDH-044,True
SLOT-FDH-044-0-16:00-19:00,2026-08-05,16:00-19:00,FDH-044,False
SLOT-FDH-044-1-09:00-12:00,2026-08-06,09:00-12:00,FDH-044,True
SLOT-FDH-044-1-13:00-16:00,2026-08-06,13:00-16:00,FDH-044,True
SLOT-FDH-044-1-16:00-19:00,2026-08-06,16:00-19:00,FDH-044,True
SLOT-FDH-044-2-09:00-12:00,2026-08-07,09:00-12:00,FDH-044,False
SLOT-FDH-044-2-13:00-16:00,2026-08-07,13:00-16:00,FDH-044,False
SLOT-FDH-044-2-16:00-19:00,2026-08-07,16:00-19:00,FDH-044,True
SLOT-FDH-044-3-09:00-12:00,2026-08-08,09:00-12:00,FDH-044,True
SLOT-FDH-044-3-13:00-16:00,2026-08-08,13:00-16:00,FDH-044,False
SLOT-FDH-044-3-16:00-19:00,2026-08-08,16:00-19:00,FDH-044,True
SLOT-FDH-044-4-09:00-12:00,2026-08-09,09:00-12:00,FDH-044,True
SLOT-FDH-044-4-13:00-16:00,2026-08-09,13:00-16:00,FDH-044,False
SLOT-FDH-044-4-16:00-19:00,2026-08-09,16:00-19:00,FDH-044,True
SLOT-FDH-044-5-09:00-12:00,2026-08-10,09:00-12:00,FDH-044,True
SLOT-FDH-044-5-13:00-16:00,2026-08-10,13:00-16:00,FDH-044,True
SLOT-FDH-044-5-16:00-19:00,2026-08-10,16:00-19:00,FDH-044,True
SLOT-FDH-044-6-09:00-12:00,2026-08-11,09:00-12:00,FDH-044,False
SLOT-FDH-044-6-13:00-16:00,2026-08-11,13:00-16:00,FDH-044,True
SLOT-FDH-044-6-16:00-19:00,2026-08-11,16:00-19:00,FDH-044,False
SLOT-FDH-044-7-09:00-12:00,2026-08-12,09:00-12:00,FDH-044,False
SLOT-FDH-044-7-13:00-16:00,2026-08-12,13:00-16:00,FDH-044,True
SLOT-FDH-044-7-16:00-19:00,2026-08-12,16:00-19:00,FDH-044,True
SLOT-FDH-044-8-09:00-12:00,2026-08-13,09:00-12:00,FDH-044,True
SLOT-FDH-044-8-13:00-16:00,2026-08-13,13:00-16:00,FDH-044,True
SLOT-FDH-044-8-16:00-19:00,2026-08-13,16:00-19:00,FDH-044,False
SLOT-FDH-044-9-09:00-12:00,2026-08-14,09:00-12:00,FDH-044,True
SLOT-FDH-044-9-13:00-16:00,2026-08-14,13:00-16:00,FDH-044,True
SLOT-FDH-044-9-16:00-19:00,2026-08-14,16:00-19:00,FDH-044,True
SLOT-FDH-044-10-09:00-12:00,2026-08-15,09:00-12:00,FDH-044,False
SLOT-FDH-044-10-13:00-16:00,2026-08-15,13:00-16:00,FDH-044,True
SLOT-FDH-044-10-16:00-19:00,2026-08-15,16:00-19:00,FDH-044,False
SLOT-FDH-044-11-09:00-12:00,2026-08-16,09:00-12:00,FDH-044,True
SLOT-FDH-044-11-13:00-16:00,2026-08-16,13:00-16:00,FDH-044,True
SLOT-FDH-044-11-16:00-19:00,2026-08-16,16:00-19:00,FDH-044,True
SLOT-FDH-044-12-09:00-12:00,2026-08-17,09:00-12:00,FDH-044,False
SLOT-FDH-044-12-13:00-16:00,2026-08-17,13:00-16:00,FDH-044,True
SLOT-FDH-044-12-16:00-19:00,2026-08-17,16:00-19:00,FDH-044,False
SLOT-FDH-044-13-09:00-12:00,2026-08-18,09:00-12:00,FDH-044,True
SLOT-FDH-044-13-13:00-16:00,2026-08-18,13:00-16:00,FDH-044,False
SLOT-FDH-044-13-16:00-19:00,2026-08-18,16:00-19:00,FDH-044,True
SLOT-FDH-045-0-09:00-12:00,2026-08-05,09:00-12:00,FDH-045,True
SLOT-FDH-045-0-13:00-16:00,2026-08-05,13:00-16:00,FDH-045,True
SLOT-FDH-045-0-16:00-19:00,2026-08-05,16:00-19:00,FDH-045,True
SLOT-FDH-045-1-09:00-12:00,2026-08-06,09:00-12:00,FDH-045,True
SLOT-FDH-045-1-13:00-16:00,2026-08-06,13:00-16:00,FDH-045,True
SLOT-FDH-045-1-16:00-19:00,2026-08-06,16:00-19:00,FDH-045,False
SLOT-FDH-045-2-09:00-12:00,2026-08-07,09:00-12:00,FDH-045,True
SLOT-FDH-045-2-13:00-16:00,2026-08-07,13:00-16:00,FDH-045,False
SLOT-FDH-045-2-16:00-19:00,2026-08-07,16:00-19:00,FDH-045,True
SLOT-FDH-045-3-09:00-12:00,2026-08-08,09:00-12:00,FDH-045,True
SLOT-FDH-045-3-13:00-16:00,2026-08-08,13:00-16:00,FDH-045,True
SLOT-FDH-045-3-16:00-19:00,2026-08-08,16:00-19:00,FDH-045,False
SLOT-FDH-045-4-09:00-12:00,2026-08-09,09:00-12:00,FDH-045,False
SLOT-FDH-045-4-13:00-16:00,2026-08-09,13:00-16:00,FDH-045,True
SLOT-FDH-045-4-16:00-19:00,2026-08-09,16:00-19:00,FDH-045,True
SLOT-FDH-045-5-09:00-12:00,2026-08-10,09:00-12:00,FDH-045,True
SLOT-FDH-045-5-13:00-16:00,2026-08-10,13:00-16:00,FDH-045,False
SLOT-FDH-045-5-16:00-19:00,2026-08-10,16:00-19:00,FDH-045,True
SLOT-FDH-045-6-09:00-12:00,2026-08-11,09:00-12:00,FDH-045,True
SLOT-FDH-045-6-13:00-16:00,2026-08-11,13:00-16:00,FDH-045,True
SLOT-FDH-045-6-16:00-19:00,2026-08-11,16:00-19:00,FDH-045,False
SLOT-FDH-045-7-09:00-12:00,2026-08-12,09:00-12:00,FDH-045,True
SLOT-FDH-045-7-13:00-16:00,2026-08-12,13:00-16:00,FDH-045,True
SLOT-FDH-045-7-16:00-19:00,2026-08-12,16:00-19:00,FDH-045,True
SLOT-FDH-045-8-09:00-12:00,2026-08-13,09:00-12:00,FDH-045,True
SLOT-FDH-045-8-13:00-16:00,2026-08-13,13:00-16:00,FDH-045,False
SLOT-FDH-045-8-16:00-19:00,2026-08-13,16:00-19:00,FDH-045,False
SLOT-FDH-045-9-09:00-12:00,2026-08-14,09:00-12:00,FDH-045,True
SLOT-FDH-045-9-13:00-16:00,2026-08-14,13:00-16:00,FDH-045,True
SLOT-FDH-045-9-16:00-19:00,2026-08-14,16:00-19:00,FDH-045,True
SLOT-FDH-045-10-09:00-12:00,2026-08-15,09:00-12:00,FDH-045,True
SLOT-FDH-045-10-13:00-16:00,2026-08-15,13:00-16:00,FDH-045,True
SLOT-FDH-045-10-16:00-19:00,2026-08-15,16:00-19:00,FDH-045,True
SLOT-FDH-045-11-09:00-12:00,2026-08-16,09:00-12:00,FDH-045,True
SLOT-FDH-045-11-13:00-16:00,2026-08-16,13:00-16:00,FDH-045,True
SLOT-FDH-045-11-16:00-19:00,2026-08-16,16:00-19:00,FDH-045,True
SLOT-FDH-045-12-09:00-12:00,2026-08-17,09:00-12:00,FDH-045,False
SLOT-FDH-045-12-13:00-16:00,2026-08-17,13:00-16:00,FDH-045,True
SLOT-FDH-045-12-16:00-19:00,2026-08-17,16:00-19:00,FDH-045,True
SLOT-FDH-045-13-09:00-12:00,2026-08-18,09:00-12:00,FDH-045,False
SLOT-FDH-045-13-13:00-16:00,2026-08-18,13:00-16:00,FDH-045,True
SLOT-FDH-045-13-16:00-19:00,2026-08-18,16:00-19:00,FDH-045,True
SLOT-FDH-046-0-09:00-12:00,2026-08-05,09:00-12:00,FDH-046,True
SLOT-FDH-046-0-13:00-16:00,2026-08-05,13:00-16:00,FDH-046,True
SLOT-FDH-046-0-16:00-19:00,2026-08-05,16:00-19:00,FDH-046,True
SLOT-FDH-046-1-09:00-12:00,2026-08-06,09:00-12:00,FDH-046,True
SLOT-FDH-046-1-13:00-16:00,2026-08-06,13:00-16:00,FDH-046,True
SLOT-FDH-046-1-16:00-19:00,2026-08-06,16:00-19:00,FDH-046,True
SLOT-FDH-046-2-09:00-12:00,2026-08-07,09:00-12:00,FDH-046,True
SLOT-FDH-046-2-13:00-16:00,2026-08-07,13:00-16:00,FDH-046,True
SLOT-FDH-046-2-16:00-19:00,2026-08-07,16:00-19:00,FDH-046,False
SLOT-FDH-046-3-09:00-12:00,2026-08-08,09:00-12:00,FDH-046,True
SLOT-FDH-046-3-13:00-16:00,2026-08-08,13:00-16:00,FDH-046,True
SLOT-FDH-046-3-16:00-19:00,2026-08-08,16:00-19:00,FDH-046,True
SLOT-FDH-046-4-09:00-12:00,2026-08-09,09:00-12:00,FDH-046,True
SLOT-FDH-046-4-13:00-16:00,2026-08-09,13:00-16:00,FDH-046,True
SLOT-FDH-046-4-16:00-19:00,2026-08-09,16:00-19:00,FDH-046,True
SLOT-FDH-046-5-09:00-12:00,2026-08-10,09:00-12:00,FDH-046,True
SLOT-FDH-046-5-13:00-16:00,2026-08-10,13:00-16:00,FDH-046,True
SLOT-FDH-046-5-16:00-19:00,2026-08-10,16:00-19:00,FDH-046,True
SLOT-FDH-046-6-09:00-12:00,2026-08-11,09:00-12:00,FDH-046,True
SLOT-FDH-046-6-13:00-16:00,2026-08-11,13:00-16:00,FDH-046,True
SLOT-FDH-046-6-16:00-19:00,2026-08-11,16:00-19:00,FDH-046,True
SLOT-FDH-046-7-09:00-12:00,2026-08-12,09:00-12:00,FDH-046,True
SLOT-FDH-046-7-13:00-16:00,2026-08-12,13:00-16:00,FDH-046,True
SLOT-FDH-046-7-16:00-19:00,2026-08-12,16:00-19:00,FDH-046,True
SLOT-FDH-046-8-09:00-12:00,2026-08-13,09:00-12:00,FDH-046,False
SLOT-FDH-046-8-13:00-16:00,2026-08-13,13:00-16:00,FDH-046,True
SLOT-FDH-046-8-16:00-19:00,2026-08-13,16:00-19:00,FDH-046,False
SLOT-FDH-046-9-09:00-12:00,2026-08-14,09:00-12:00,FDH-046,True
SLOT-FDH-046-9-13:00-16:00,2026-08-14,13:00-16:00,FDH-046,False
SLOT-FDH-046-9-16:00-19:00,2026-08-14,16:00-19:00,FDH-046,True
SLOT-FDH-046-10-09:00-12:00,2026-08-15,09:00-12:00,FDH-046,True
SLOT-FDH-046-10-13:00-16:00,2026-08-15,13:00-16:00,FDH-046,False
SLOT-FDH-046-10-16:00-19:00,2026-08-15,16:00-19:00,FDH-046,False
SLOT-FDH-046-11-09:00-12:00,2026-08-16,09:00-12:00,FDH-046,False
SLOT-FDH-046-11-13:00-16:00,2026-08-16,13:00-16:00,FDH-046,True
SLOT-FDH-046-11-16:00-19:00,2026-08-16,16:00-19:00,FDH-046,True
SLOT-FDH-046-12-09:00-12:00,2026-08-17,09:00-12:00,FDH-046,True
SLOT-FDH-046-12-13:00-16:00,2026-08-17,13:00-16:00,FDH-046,True
SLOT-FDH-046-12-16:00-19:00,2026-08-17,16:00-19:00,FDH-046,True
SLOT-FDH-046-13-09:00-12:00,2026-08-18,09:00-12:00,FDH-046,True
SLOT-FDH-046-13-13:00-16:00,2026-08-18,13:00-16:00,FDH-046,False
SLOT-FDH-046-13-16:00-19:00,2026-08-18,16:00-19:00,FDH-046,True
SLOT-FDH-047-0-09:00-12:00,2026-08-05,09:00-12:00,FDH-047,True
SLOT-FDH-047-0-13:00-16:00,2026-08-05,13:00-16:00,FDH-047,True
SLOT-FDH-047-0-16:00-19:00,2026-08-05,16:00-19:00,FDH-047,True
SLOT-FDH-047-1-09:00-12:00,2026-08-06,09:00-12:00,FDH-047,True
SLOT-FDH-047-1-13:00-16:00,2026-08-06,13:00-16:00,FDH-047,True
SLOT-FDH-047-1-16:00-19:00,2026-08-06,16:00-19:00,FDH-047,False
SLOT-FDH-047-2-09:00-12:00,2026-08-07,09:00-12:00,FDH-047,True
SLOT-FDH-047-2-13:00-16:00,2026-08-07,13:00-16:00,FDH-047,True
SLOT-FDH-047-2-16:00-19:00,2026-08-07,16:00-19:00,FDH-047,True
SLOT-FDH-047-3-09:00-12:00,2026-08-08,09:00-12:00,FDH-047,True
SLOT-FDH-047-3-13:00-16:00,2026-08-08,13:00-16:00,FDH-047,True
SLOT-FDH-047-3-16:00-19:00,2026-08-08,16:00-19:00,FDH-047,True
SLOT-FDH-047-4-09:00-12:00,2026-08-09,09:00-12:00,FDH-047,True
SLOT-FDH-047-4-13:00-16:00,2026-08-09,13:00-16:00,FDH-047,True
SLOT-FDH-047-4-16:00-19:00,2026-08-09,16:00-19:00,FDH-047,True
SLOT-FDH-047-5-09:00-12:00,2026-08-10,09:00-12:00,FDH-047,True
SLOT-FDH-047-5-13:00-16:00,2026-08-10,13:00-16:00,FDH-047,True
SLOT-FDH-047-5-16:00-19:00,2026-08-10,16:00-19:00,FDH-047,True
SLOT-FDH-047-6-09:00-12:00,2026-08-11,09:00-12:00,FDH-047,True
SLOT-FDH-047-6-13:00-16:00,2026-08-11,13:00-16:00,FDH-047,True
SLOT-FDH-047-6-16:00-19:00,2026-08-11,16:00-19:00,FDH-047,True
SLOT-FDH-047-7-09:00-12:00,2026-08-12,09:00-12:00,FDH-047,True
SLOT-FDH-047-7-13:00-16:00,2026-08-12,13:00-16:00,FDH-047,True
SLOT-FDH-047-7-16:00-19:00,2026-08-12,16:00-19:00,FDH-047,True
SLOT-FDH-047-8-09:00-12:00,2026-08-13,09:00-12:00,FDH-047,True
SLOT-FDH-047-8-13:00-16:00,2026-08-13,13:00-16:00,FDH-047,True
SLOT-FDH-047-8-16:00-19:00,2026-08-13,16:00-19:00,FDH-047,True
SLOT-FDH-047-9-09:00-12:00,2026-08-14,09:00-12:00,FDH-047,True
SLOT-FDH-047-9-13:00-16:00,2026-08-14,13:00-16:00,FDH-047,False
SLOT-FDH-047-9-16:00-19:00,2026-08-14,16:00-19:00,FDH-047,True
SLOT-FDH-047-10-09:00-12:00,2026-08-15,09:00-12:00,FDH-047,True
SLOT-FDH-047-10-13:00-16:00,2026-08-15,13:00-16:00,FDH-047,True
SLOT-FDH-047-10-16:00-19:00,2026-08-15,16:00-19:00,FDH-047,False
SLOT-FDH-047-11-09:00-12:00,2026-08-16,09:00-12:00,FDH-047,False
SLOT-FDH-047-11-13:00-16:00,2026-08-16,13:00-16:00,FDH-047,True
SLOT-FDH-047-11-16:00-19:00,2026-08-16,16:00-19:00,FDH-047,True
SLOT-FDH-047-12-09:00-12:00,2026-08-17,09:00-12:00,FDH-047,True
SLOT-FDH-047-12-13:00-16:00,2026-08-17,13:00-16:00,FDH-047,True
SLOT-FDH-047-12-16:00-19:00,2026-08-17,16:00-19:00,FDH-047,False
SLOT-FDH-047-13-09:00-12:00,2026-08-18,09:00-12:00,FDH-047,False
SLOT-FDH-047-13-13:00-16:00,2026-08-18,13:00-16:00,FDH-047,False
SLOT-FDH-047-13-16:00-19:00,2026-08-18,16:00-19:00,FDH-047,True
SLOT-FDH-048-0-09:00-12:00,2026-08-05,09:00-12:00,FDH-048,True
SLOT-FDH-048-0-13:00-16:00,2026-08-05,13:00-16:00,FDH-048,True
SLOT-FDH-048-0-16:00-19:00,2026-08-05,16:00-19:00,FDH-048,True
SLOT-FDH-048-1-09:00-12:00,2026-08-06,09:00-12:00,FDH-048,False
SLOT-FDH-048-1-13:00-16:00,2026-08-06,13:00-16:00,FDH-048,True
SLOT-FDH-048-1-16:00-19:00,2026-08-06,16:00-19:00,FDH-048,False
SLOT-FDH-048-2-09:00-12:00,2026-08-07,09:00-12:00,FDH-048,True
SLOT-FDH-048-2-13:00-16:00,2026-08-07,13:00-16:00,FDH-048,True
SLOT-FDH-048-2-16:00-19:00,2026-08-07,16:00-19:00,FDH-048,True
SLOT-FDH-048-3-09:00-12:00,2026-08-08,09:00-12:00,FDH-048,True
SLOT-FDH-048-3-13:00-16:00,2026-08-08,13:00-16:00,FDH-048,True
SLOT-FDH-048-3-16:00-19:00,2026-08-08,16:00-19:00,FDH-048,True
SLOT-FDH-048-4-09:00-12:00,2026-08-09,09:00-12:00,FDH-048,False
SLOT-FDH-048-4-13:00-16:00,2026-08-09,13:00-16:00,FDH-048,True
SLOT-FDH-048-4-16:00-19:00,2026-08-09,16:00-19:00,FDH-048,True
SLOT-FDH-048-5-09:00-12:00,2026-08-10,09:00-12:00,FDH-048,True
SLOT-FDH-048-5-13:00-16:00,2026-08-10,13:00-16:00,FDH-048,False
SLOT-FDH-048-5-16:00-19:00,2026-08-10,16:00-19:00,FDH-048,True
SLOT-FDH-048-6-09:00-12:00,2026-08-11,09:00-12:00,FDH-048,True
SLOT-FDH-048-6-13:00-16:00,2026-08-11,13:00-16:00,FDH-048,True
SLOT-FDH-048-6-16:00-19:00,2026-08-11,16:00-19:00,FDH-048,True
SLOT-FDH-048-7-09:00-12:00,2026-08-12,09:00-12:00,FDH-048,True
SLOT-FDH-048-7-13:00-16:00,2026-08-12,13:00-16:00,FDH-048,True
SLOT-FDH-048-7-16:00-19:00,2026-08-12,16:00-19:00,FDH-048,True
SLOT-FDH-048-8-09:00-12:00,2026-08-13,09:00-12:00,FDH-048,False
SLOT-FDH-048-8-13:00-16:00,2026-08-13,13:00-16:00,FDH-048,True
SLOT-FDH-048-8-16:00-19:00,2026-08-13,16:00-19:00,FDH-048,True
SLOT-FDH-048-9-09:00-12:00,2026-08-14,09:00-12:00,FDH-048,True
SLOT-FDH-048-9-13:00-16:00,2026-08-14,13:00-16:00,FDH-048,False
SLOT-FDH-048-9-16:00-19:00,2026-08-14,16:00-19:00,FDH-048,False
SLOT-FDH-048-10-09:00-12:00,2026-08-15,09:00-12:00,FDH-048,True
SLOT-FDH-048-10-13:00-16:00,2026-08-15,13:00-16:00,FDH-048,True
SLOT-FDH-048-10-16:00-19:00,2026-08-15,16:00-19:00,FDH-048,False
SLOT-FDH-048-11-09:00-12:00,2026-08-16,09:00-12:00,FDH-048,False
SLOT-FDH-048-11-13:00-16:00,2026-08-16,13:00-16:00,FDH-048,True
SLOT-FDH-048-11-16:00-19:00,2026-08-16,16:00-19:00,FDH-048,True
SLOT-FDH-048-12-09:00-12:00,2026-08-17,09:00-12:00,FDH-048,True
SLOT-FDH-048-12-13:00-16:00,2026-08-17,13:00-16:00,FDH-048,True
SLOT-FDH-048-12-16:00-19:00,2026-08-17,16:00-19:00,FDH-048,False
SLOT-FDH-048-13-09:00-12:00,2026-08-18,09:00-12:00,FDH-048,True
SLOT-FDH-048-13-13:00-16:00,2026-08-18,13:00-16:00,FDH-048,False
SLOT-FDH-048-13-16:00-19:00,2026-08-18,16:00-19:00,FDH-048,True
SLOT-FDH-049-0-09:00-12:00,2026-08-05,09:00-12:00,FDH-049,True
SLOT-FDH-049-0-13:00-16:00,2026-08-05,13:00-16:00,FDH-049,True
SLOT-FDH-049-0-16:00-19:00,2026-08-05,16:00-19:00,FDH-049,True
SLOT-FDH-049-1-09:00-12:00,2026-08-06,09:00-12:00,FDH-049,True
SLOT-FDH-049-1-13:00-16:00,2026-08-06,13:00-16:00,FDH-049,True
SLOT-FDH-049-1-16:00-19:00,2026-08-06,16:00-19:00,FDH-049,True
SLOT-FDH-049-2-09:00-12:00,2026-08-07,09:00-12:00,FDH-049,False
SLOT-FDH-049-2-13:00-16:00,2026-08-07,13:00-16:00,FDH-049,True
SLOT-FDH-049-2-16:00-19:00,2026-08-07,16:00-19:00,FDH-049,True
SLOT-FDH-049-3-09:00-12:00,2026-08-08,09:00-12:00,FDH-049,True
SLOT-FDH-049-3-13:00-16:00,2026-08-08,13:00-16:00,FDH-049,True
SLOT-FDH-049-3-16:00-19:00,2026-08-08,16:00-19:00,FDH-049,True
SLOT-FDH-049-4-09:00-12:00,2026-08-09,09:00-12:00,FDH-049,True
SLOT-FDH-049-4-13:00-16:00,2026-08-09,13:00-16:00,FDH-049,True
SLOT-FDH-049-4-16:00-19:00,2026-08-09,16:00-19:00,FDH-049,False
SLOT-FDH-049-5-09:00-12:00,2026-08-10,09:00-12:00,FDH-049,True
SLOT-FDH-049-5-13:00-16:00,2026-08-10,13:00-16:00,FDH-049,True
SLOT-FDH-049-5-16:00-19:00,2026-08-10,16:00-19:00,FDH-049,True
SLOT-FDH-049-6-09:00-12:00,2026-08-11,09:00-12:00,FDH-049,True
SLOT-FDH-049-6-13:00-16:00,2026-08-11,13:00-16:00,FDH-049,True
SLOT-FDH-049-6-16:00-19:00,2026-08-11,16:00-19:00,FDH-049,True
SLOT-FDH-049-7-09:00-12:00,2026-08-12,09:00-12:00,FDH-049,True
SLOT-FDH-049-7-13:00-16:00,2026-08-12,13:00-16:00,FDH-049,True
SLOT-FDH-049-7-16:00-19:00,2026-08-12,16:00-19:00,FDH-049,False
SLOT-FDH-049-8-09:00-12:00,2026-08-13,09:00-12:00,FDH-049,True
SLOT-FDH-049-8-13:00-16:00,2026-08-13,13:00-16:00,FDH-049,True
SLOT-FDH-049-8-16:00-19:00,2026-08-13,16:00-19:00,FDH-049,False
SLOT-FDH-049-9-09:00-12:00,2026-08-14,09:00-12:00,FDH-049,True
SLOT-FDH-049-9-13:00-16:00,2026-08-14,13:00-16:00,FDH-049,False
SLOT-FDH-049-9-16:00-19:00,2026-08-14,16:00-19:00,FDH-049,True
SLOT-FDH-049-10-09:00-12:00,2026-08-15,09:00-12:00,FDH-049,True
SLOT-FDH-049-10-13:00-16:00,2026-08-15,13:00-16:00,FDH-049,True
SLOT-FDH-049-10-16:00-19:00,2026-08-15,16:00-19:00,FDH-049,True
SLOT-FDH-049-11-09:00-12:00,2026-08-16,09:00-12:00,FDH-049,True
SLOT-FDH-049-11-13:00-16:00,2026-08-16,13:00-16:00,FDH-049,False
SLOT-FDH-049-11-16:00-19:00,2026-08-16,16:00-19:00,FDH-049,True
SLOT-FDH-049-12-09:00-12:00,2026-08-17,09:00-12:00,FDH-049,True
SLOT-FDH-049-12-13:00-16:00,2026-08-17,13:00-16:00,FDH-049,False
SLOT-FDH-049-12-16:00-19:00,2026-08-17,16:00-19:00,FDH-049,True
SLOT-FDH-049-13-09:00-12:00,2026-08-18,09:00-12:00,FDH-049,True
SLOT-FDH-049-13-13:00-16:00,2026-08-18,13:00-16:00,FDH-049,True
SLOT-FDH-049-13-16:00-19:00,2026-08-18,16:00-19:00,FDH-049,False
SLOT-FDH-050-0-09:00-12:00,2026-08-05,09:00-12:00,FDH-050,True
SLOT-FDH-050-0-13:00-16:00,2026-08-05,13:00-16:00,FDH-050,True
SLOT-FDH-050-0-16:00-19:00,2026-08-05,16:00-19:00,FDH-050,True
SLOT-FDH-050-1-09:00-12:00,2026-08-06,09:00-12:00,FDH-050,True
SLOT-FDH-050-1-13:00-16:00,2026-08-06,13:00-16:00,FDH-050,True
SLOT-FDH-050-1-16:00-19:00,2026-08-06,16:00-19:00,FDH-050,True
SLOT-FDH-050-2-09:00-12:00,2026-08-07,09:00-12:00,FDH-050,True
SLOT-FDH-050-2-13:00-16:00,2026-08-07,13:00-16:00,FDH-050,True
SLOT-FDH-050-2-16:00-19:00,2026-08-07,16:00-19:00,FDH-050,True
SLOT-FDH-050-3-09:00-12:00,2026-08-08,09:00-12:00,FDH-050,True
SLOT-FDH-050-3-13:00-16:00,2026-08-08,13:00-16:00,FDH-050,True
SLOT-FDH-050-3-16:00-19:00,2026-08-08,16:00-19:00,FDH-050,True
SLOT-FDH-050-4-09:00-12:00,2026-08-09,09:00-12:00,FDH-050,True
SLOT-FDH-050-4-13:00-16:00,2026-08-09,13:00-16:00,FDH-050,False
SLOT-FDH-050-4-16:00-19:00,2026-08-09,16:00-19:00,FDH-050,True
SLOT-FDH-050-5-09:00-12:00,2026-08-10,09:00-12:00,FDH-050,False
SLOT-FDH-050-5-13:00-16:00,2026-08-10,13:00-16:00,FDH-050,True
SLOT-FDH-050-5-16:00-19:00,2026-08-10,16:00-19:00,FDH-050,True
SLOT-FDH-050-6-09:00-12:00,2026-08-11,09:00-12:00,FDH-050,True
SLOT-FDH-050-6-13:00-16:00,2026-08-11,13:00-16:00,FDH-050,True
SLOT-FDH-050-6-16:00-19:00,2026-08-11,16:00-19:00,FDH-050,True
SLOT-FDH-050-7-09:00-12:00,2026-08-12,09:00-12:00,FDH-050,True
SLOT-FDH-050-7-13:00-16:00,2026-08-12,13:00-16:00,FDH-050,True
SLOT-FDH-050-7-16:00-19:00,2026-08-12,16:00-19:00,FDH-050,False
SLOT-FDH-050-8-09:00-12:00,2026-08-13,09:00-12:00,FDH-050,False
SLOT-FDH-050-8-13:00-16:00,2026-08-13,13:00-16:00,FDH-050,True
SLOT-FDH-050-8-16:00-19:00,2026-08-13,16:00-19:00,FDH-050,False
SLOT-FDH-050-9-09:00-12:00,2026-08-14,09:00-12:00,FDH-050,True
SLOT-FDH-050-9-13:00-16:00,2026-08-14,13:00-16:00,FDH-050,True
SLOT-FDH-050-9-16:00-19:00,2026-08-14,16:00-19:00,FDH-050,False
SLOT-FDH-050-10-09:00-12:00,2026-08-15,09:00-12:00,FDH-050,True
SLOT-FDH-050-10-13:00-16:00,2026-08-15,13:00-16:00,FDH-050,True
SLOT-FDH-050-10-16:00-19:00,2026-08-15,16:00-19:00,FDH-050,False
SLOT-FDH-050-11-09:00-12:00,2026-08-16,09:00-12:00,FDH-050,True
SLOT-FDH-050-11-13:00-16:00,2026-08-16,13:00-16:00,FDH-050,True
SLOT-FDH-050-11-16:00-19:00,2026-08-16,16:00-19:00,FDH-050,True
SLOT-FDH-050-12-09:00-12:00,2026-08-17,09:00-12:00,FDH-050,True
SLOT-FDH-050-12-13:00-16:00,2026-08-17,13:00-16:00,FDH-050,True
SLOT-FDH-050-12-16:00-19:00,2026-08-17,16:00-19:00,FDH-050,True
SLOT-FDH-050-13-09:00-12:00,2026-08-18,09:00-12:00,FDH-050,True
SLOT-FDH-050-13-13:00-16:00,2026-08-18,13:00-16:00,FDH-050,True
SLOT-FDH-050-13-16:00-19:00,2026-08-18,16:00-19:00,FDH-050,True
SLOT-FDH-051-0-09:00-12:00,2026-08-05,09:00-12:00,FDH-051,True
SLOT-FDH-051-0-13:00-16:00,2026-08-05,13:00-16:00,FDH-051,True
SLOT-FDH-051-0-16:00-19:00,2026-08-05,16:00-19:00,FDH-051,True
SLOT-FDH-051-1-09:00-12:00,2026-08-06,09:00-12:00,FDH-051,True
SLOT-FDH-051-1-13:00-16:00,2026-08-06,13:00-16:00,FDH-051,False
SLOT-FDH-051-1-16:00-19:00,2026-08-06,16:00-19:00,FDH-051,True
SLOT-FDH-051-2-09:00-12:00,2026-08-07,09:00-12:00,FDH-051,True
SLOT-FDH-051-2-13:00-16:00,2026-08-07,13:00-16:00,FDH-051,True
SLOT-FDH-051-2-16:00-19:00,2026-08-07,16:00-19:00,FDH-051,True
SLOT-FDH-051-3-09:00-12:00,2026-08-08,09:00-12:00,FDH-051,True
SLOT-FDH-051-3-13:00-16:00,2026-08-08,13:00-16:00,FDH-051,True
SLOT-FDH-051-3-16:00-19:00,2026-08-08,16:00-19:00,FDH-051,True
SLOT-FDH-051-4-09:00-12:00,2026-08-09,09:00-12:00,FDH-051,True
SLOT-FDH-051-4-13:00-16:00,2026-08-09,13:00-16:00,FDH-051,True
SLOT-FDH-051-4-16:00-19:00,2026-08-09,16:00-19:00,FDH-051,True
SLOT-FDH-051-5-09:00-12:00,2026-08-10,09:00-12:00,FDH-051,True
SLOT-FDH-051-5-13:00-16:00,2026-08-10,13:00-16:00,FDH-051,True
SLOT-FDH-051-5-16:00-19:00,2026-08-10,16:00-19:00,FDH-051,True
SLOT-FDH-051-6-09:00-12:00,2026-08-11,09:00-12:00,FDH-051,True
SLOT-FDH-051-6-13:00-16:00,2026-08-11,13:00-16:00,FDH-051,True
SLOT-FDH-051-6-16:00-19:00,2026-08-11,16:00-19:00,FDH-051,False
SLOT-FDH-051-7-09:00-12:00,2026-08-12,09:00-12:00,FDH-051,False
SLOT-FDH-051-7-13:00-16:00,2026-08-12,13:00-16:00,FDH-051,True
SLOT-FDH-051-7-16:00-19:00,2026-08-12,16:00-19:00,FDH-051,True
SLOT-FDH-051-8-09:00-12:00,2026-08-13,09:00-12:00,FDH-051,True
SLOT-FDH-051-8-13:00-16:00,2026-08-13,13:00-16:00,FDH-051,False
SLOT-FDH-051-8-16:00-19:00,2026-08-13,16:00-19:00,FDH-051,False
SLOT-FDH-051-9-09:00-12:00,2026-08-14,09:00-12:00,FDH-051,True
SLOT-FDH-051-9-13:00-16:00,2026-08-14,13:00-16:00,FDH-051,True
SLOT-FDH-051-9-16:00-19:00,2026-08-14,16:00-19:00,FDH-051,True
SLOT-FDH-051-10-09:00-12:00,2026-08-15,09:00-12:00,FDH-051,True
SLOT-FDH-051-10-13:00-16:00,2026-08-15,13:00-16:00,FDH-051,True
SLOT-FDH-051-10-16:00-19:00,2026-08-15,16:00-19:00,FDH-051,True
SLOT-FDH-051-11-09:00-12:00,2026-08-16,09:00-12:00,FDH-051,True
SLOT-FDH-051-11-13:00-16:00,2026-08-16,13:00-16:00,FDH-051,True
SLOT-FDH-051-11-16:00-19:00,2026-08-16,16:00-19:00,FDH-051,False
SLOT-FDH-051-12-09:00-12:00,2026-08-17,09:00-12:00,FDH-051,True
SLOT-FDH-051-12-13:00-16:00,2026-08-17,13:00-16:00,FDH-051,True
SLOT-FDH-051-12-16:00-19:00,2026-08-17,16:00-19:00,FDH-051,False
SLOT-FDH-051-13-09:00-12:00,2026-08-18,09:00-12:00,FDH-051,True
SLOT-FDH-051-13-13:00-16:00,2026-08-18,13:00-16:00,FDH-051,True
SLOT-FDH-051-13-16:00-19:00,2026-08-18,16:00-19:00,FDH-051,False
SLOT-FDH-052-0-09:00-12:00,2026-08-05,09:00-12:00,FDH-052,True
SLOT-FDH-052-0-13:00-16:00,2026-08-05,13:00-16:00,FDH-052,True
SLOT-FDH-052-0-16:00-19:00,2026-08-05,16:00-19:00,FDH-052,True
SLOT-FDH-052-1-09:00-12:00,2026-08-06,09:00-12:00,FDH-052,False
SLOT-FDH-052-1-13:00-16:00,2026-08-06,13:00-16:00,FDH-052,True
SLOT-FDH-052-1-16:00-19:00,2026-08-06,16:00-19:00,FDH-052,True
SLOT-FDH-052-2-09:00-12:00,2026-08-07,09:00-12:00,FDH-052,True
SLOT-FDH-052-2-13:00-16:00,2026-08-07,13:00-16:00,FDH-052,False
SLOT-FDH-052-2-16:00-19:00,2026-08-07,16:00-19:00,FDH-052,True
SLOT-FDH-052-3-09:00-12:00,2026-08-08,09:00-12:00,FDH-052,True
SLOT-FDH-052-3-13:00-16:00,2026-08-08,13:00-16:00,FDH-052,True
SLOT-FDH-052-3-16:00-19:00,2026-08-08,16:00-19:00,FDH-052,False
SLOT-FDH-052-4-09:00-12:00,2026-08-09,09:00-12:00,FDH-052,True
SLOT-FDH-052-4-13:00-16:00,2026-08-09,13:00-16:00,FDH-052,True
SLOT-FDH-052-4-16:00-19:00,2026-08-09,16:00-19:00,FDH-052,True
SLOT-FDH-052-5-09:00-12:00,2026-08-10,09:00-12:00,FDH-052,True
SLOT-FDH-052-5-13:00-16:00,2026-08-10,13:00-16:00,FDH-052,True
SLOT-FDH-052-5-16:00-19:00,2026-08-10,16:00-19:00,FDH-052,True
SLOT-FDH-052-6-09:00-12:00,2026-08-11,09:00-12:00,FDH-052,True
SLOT-FDH-052-6-13:00-16:00,2026-08-11,13:00-16:00,FDH-052,True
SLOT-FDH-052-6-16:00-19:00,2026-08-11,16:00-19:00,FDH-052,True
SLOT-FDH-052-7-09:00-12:00,2026-08-12,09:00-12:00,FDH-052,True
SLOT-FDH-052-7-13:00-16:00,2026-08-12,13:00-16:00,FDH-052,True
SLOT-FDH-052-7-16:00-19:00,2026-08-12,16:00-19:00,FDH-052,True
SLOT-FDH-052-8-09:00-12:00,2026-08-13,09:00-12:00,FDH-052,False
SLOT-FDH-052-8-13:00-16:00,2026-08-13,13:00-16:00,FDH-052,True
SLOT-FDH-052-8-16:00-19:00,2026-08-13,16:00-19:00,FDH-052,True
SLOT-FDH-052-9-09:00-12:00,2026-08-14,09:00-12:00,FDH-052,True
SLOT-FDH-052-9-13:00-16:00,2026-08-14,13:00-16:00,FDH-052,True
SLOT-FDH-052-9-16:00-19:00,2026-08-14,16:00-19:00,FDH-052,True
SLOT-FDH-052-10-09:00-12:00,2026-08-15,09:00-12:00,FDH-052,True
SLOT-FDH-052-10-13:00-16:00,2026-08-15,13:00-16:00,FDH-052,True
SLOT-FDH-052-10-16:00-19:00,2026-08-15,16:00-19:00,FDH-052,True
SLOT-FDH-052-11-09:00-12:00,2026-08-16,09:00-12:00,FDH-052,True
SLOT-FDH-052-11-13:00-16:00,2026-08-16,13:00-16:00,FDH-052,True
SLOT-FDH-052-11-16:00-19:00,2026-08-16,16:00-19:00,FDH-052,True
SLOT-FDH-052-12-09:00-12:00,2026-08-17,09:00-12:00,FDH-052,True
SLOT-FDH-052-12-13:00-16:00,2026-08-17,13:00-16:00,FDH-052,False
SLOT-FDH-052-12-16:00-19:00,2026-08-17,16:00-19:00,FDH-052,True
SLOT-FDH-052-13-09:00-12:00,2026-08-18,09:00-12:00,FDH-052,True
SLOT-FDH-052-13-13:00-16:00,2026-08-18,13:00-16:00,FDH-052,True
SLOT-FDH-052-13-16:00-19:00,2026-08-18,16:00-19:00,FDH-052,True
SLOT-FDH-053-0-09:00-12:00,2026-08-05,09:00-12:00,FDH-053,True
SLOT-FDH-053-0-13:00-16:00,2026-08-05,13:00-16:00,FDH-053,True
SLOT-FDH-053-0-16:00-19:00,2026-08-05,16:00-19:00,FDH-053,True
SLOT-FDH-053-1-09:00-12:00,2026-08-06,09:00-12:00,FDH-053,True
SLOT-FDH-053-1-13:00-16:00,2026-08-06,13:00-16:00,FDH-053,True
SLOT-FDH-053-1-16:00-19:00,2026-08-06,16:00-19:00,FDH-053,False
SLOT-FDH-053-2-09:00-12:00,2026-08-07,09:00-12:00,FDH-053,True
SLOT-FDH-053-2-13:00-16:00,2026-08-07,13:00-16:00,FDH-053,True
SLOT-FDH-053-2-16:00-19:00,2026-08-07,16:00-19:00,FDH-053,True
SLOT-FDH-053-3-09:00-12:00,2026-08-08,09:00-12:00,FDH-053,True
SLOT-FDH-053-3-13:00-16:00,2026-08-08,13:00-16:00,FDH-053,True
SLOT-FDH-053-3-16:00-19:00,2026-08-08,16:00-19:00,FDH-053,True
SLOT-FDH-053-4-09:00-12:00,2026-08-09,09:00-12:00,FDH-053,False
SLOT-FDH-053-4-13:00-16:00,2026-08-09,13:00-16:00,FDH-053,True
SLOT-FDH-053-4-16:00-19:00,2026-08-09,16:00-19:00,FDH-053,True
SLOT-FDH-053-5-09:00-12:00,2026-08-10,09:00-12:00,FDH-053,True
SLOT-FDH-053-5-13:00-16:00,2026-08-10,13:00-16:00,FDH-053,True
SLOT-FDH-053-5-16:00-19:00,2026-08-10,16:00-19:00,FDH-053,True
SLOT-FDH-053-6-09:00-12:00,2026-08-11,09:00-12:00,FDH-053,True
SLOT-FDH-053-6-13:00-16:00,2026-08-11,13:00-16:00,FDH-053,True
SLOT-FDH-053-6-16:00-19:00,2026-08-11,16:00-19:00,FDH-053,True
SLOT-FDH-053-7-09:00-12:00,2026-08-12,09:00-12:00,FDH-053,True
SLOT-FDH-053-7-13:00-16:00,2026-08-12,13:00-16:00,FDH-053,True
SLOT-FDH-053-7-16:00-19:00,2026-08-12,16:00-19:00,FDH-053,True
SLOT-FDH-053-8-09:00-12:00,2026-08-13,09:00-12:00,FDH-053,True
SLOT-FDH-053-8-13:00-16:00,2026-08-13,13:00-16:00,FDH-053,True
SLOT-FDH-053-8-16:00-19:00,2026-08-13,16:00-19:00,FDH-053,False
SLOT-FDH-053-9-09:00-12:00,2026-08-14,09:00-12:00,FDH-053,True
SLOT-FDH-053-9-13:00-16:00,2026-08-14,13:00-16:00,FDH-053,True
SLOT-FDH-053-9-16:00-19:00,2026-08-14,16:00-19:00,FDH-053,True
SLOT-FDH-053-10-09:00-12:00,2026-08-15,09:00-12:00,FDH-053,True
SLOT-FDH-053-10-13:00-16:00,2026-08-15,13:00-16:00,FDH-053,True
SLOT-FDH-053-10-16:00-19:00,2026-08-15,16:00-19:00,FDH-053,True
SLOT-FDH-053-11-09:00-12:00,2026-08-16,09:00-12:00,FDH-053,True
SLOT-FDH-053-11-13:00-16:00,2026-08-16,13:00-16:00,FDH-053,True
SLOT-FDH-053-11-16:00-19:00,2026-08-16,16:00-19:00,FDH-053,True
SLOT-FDH-053-12-09:00-12:00,2026-08-17,09:00-12:00,FDH-053,True
SLOT-FDH-053-12-13:00-16:00,2026-08-17,13:00-16:00,FDH-053,True
SLOT-FDH-053-12-16:00-19:00,2026-08-17,16:00-19:00,FDH-053,True
SLOT-FDH-053-13-09:00-12:00,2026-08-18,09:00-12:00,FDH-053,True
SLOT-FDH-053-13-13:00-16:00,2026-08-18,13:00-16:00,FDH-053,True
SLOT-FDH-053-13-16:00-19:00,2026-08-18,16:00-19:00,FDH-053,True
SLOT-FDH-054-0-09:00-12:00,2026-08-05,09:00-12:00,FDH-054,True
SLOT-FDH-054-0-13:00-16:00,2026-08-05,13:00-16:00,FDH-054,False
SLOT-FDH-054-0-16:00-19:00,2026-08-05,16:00-19:00,FDH-054,True
SLOT-FDH-054-1-09:00-12:00,2026-08-06,09:00-12:00,FDH-054,True
SLOT-FDH-054-1-13:00-16:00,2026-08-06,13:00-16:00,FDH-054,True
SLOT-FDH-054-1-16:00-19:00,2026-08-06,16:00-19:00,FDH-054,True
SLOT-FDH-054-2-09:00-12:00,2026-08-07,09:00-12:00,FDH-054,True
SLOT-FDH-054-2-13:00-16:00,2026-08-07,13:00-16:00,FDH-054,True
SLOT-FDH-054-2-16:00-19:00,2026-08-07,16:00-19:00,FDH-054,True
SLOT-FDH-054-3-09:00-12:00,2026-08-08,09:00-12:00,FDH-054,True
SLOT-FDH-054-3-13:00-16:00,2026-08-08,13:00-16:00,FDH-054,True
SLOT-FDH-054-3-16:00-19:00,2026-08-08,16:00-19:00,FDH-054,True
SLOT-FDH-054-4-09:00-12:00,2026-08-09,09:00-12:00,FDH-054,True
SLOT-FDH-054-4-13:00-16:00,2026-08-09,13:00-16:00,FDH-054,False
SLOT-FDH-054-4-16:00-19:00,2026-08-09,16:00-19:00,FDH-054,True
SLOT-FDH-054-5-09:00-12:00,2026-08-10,09:00-12:00,FDH-054,True
SLOT-FDH-054-5-13:00-16:00,2026-08-10,13:00-16:00,FDH-054,True
SLOT-FDH-054-5-16:00-19:00,2026-08-10,16:00-19:00,FDH-054,True
SLOT-FDH-054-6-09:00-12:00,2026-08-11,09:00-12:00,FDH-054,True
SLOT-FDH-054-6-13:00-16:00,2026-08-11,13:00-16:00,FDH-054,True
SLOT-FDH-054-6-16:00-19:00,2026-08-11,16:00-19:00,FDH-054,True
SLOT-FDH-054-7-09:00-12:00,2026-08-12,09:00-12:00,FDH-054,True
SLOT-FDH-054-7-13:00-16:00,2026-08-12,13:00-16:00,FDH-054,True
SLOT-FDH-054-7-16:00-19:00,2026-08-12,16:00-19:00,FDH-054,True
SLOT-FDH-054-8-09:00-12:00,2026-08-13,09:00-12:00,FDH-054,True
SLOT-FDH-054-8-13:00-16:00,2026-08-13,13:00-16:00,FDH-054,False
SLOT-FDH-054-8-16:00-19:00,2026-08-13,16:00-19:00,FDH-054,True
SLOT-FDH-054-9-09:00-12:00,2026-08-14,09:00-12:00,FDH-054,True
SLOT-FDH-054-9-13:00-16:00,2026-08-14,13:00-16:00,FDH-054,True
SLOT-FDH-054-9-16:00-19:00,2026-08-14,16:00-19:00,FDH-054,False
SLOT-FDH-054-10-09:00-12:00,2026-08-15,09:00-12:00,FDH-054,True
SLOT-FDH-054-10-13:00-16:00,2026-08-15,13:00-16:00,FDH-054,True
SLOT-FDH-054-10-16:00-19:00,2026-08-15,16:00-19:00,FDH-054,False
SLOT-FDH-054-11-09:00-12:00,2026-08-16,09:00-12:00,FDH-054,True
SLOT-FDH-054-11-13:00-16:00,2026-08-16,13:00-16:00,FDH-054,True
SLOT-FDH-054-11-16:00-19:00,2026-08-16,16:00-19:00,FDH-054,True
SLOT-FDH-054-12-09:00-12:00,2026-08-17,09:00-12:00,FDH-054,True
SLOT-FDH-054-12-13:00-16:00,2026-08-17,13:00-16:00,FDH-054,True
SLOT-FDH-054-12-16:00-19:00,2026-08-17,16:00-19:00,FDH-054,True
SLOT-FDH-054-13-09:00-12:00,2026-08-18,09:00-12:00,FDH-054,False
SLOT-FDH-054-13-13:00-16:00,2026-08-18,13:00-16:00,FDH-054,True
SLOT-FDH-054-13-16:00-19:00,2026-08-18,16:00-19:00,FDH-054,True
SLOT-FDH-055-0-09:00-12:00,2026-08-05,09:00-12:00,FDH-055,True
SLOT-FDH-055-0-13:00-16:00,2026-08-05,13:00-16:00,FDH-055,True
SLOT-FDH-055-0-16:00-19:00,2026-08-05,16:00-19:00,FDH-055,True
SLOT-FDH-055-1-09:00-12:00,2026-08-06,09:00-12:00,FDH-055,True
SLOT-FDH-055-1-13:00-16:00,2026-08-06,13:00-16:00,FDH-055,True
SLOT-FDH-055-1-16:00-19:00,2026-08-06,16:00-19:00,FDH-055,False
SLOT-FDH-055-2-09:00-12:00,2026-08-07,09:00-12:00,FDH-055,True
SLOT-FDH-055-2-13:00-16:00,2026-08-07,13:00-16:00,FDH-055,True
SLOT-FDH-055-2-16:00-19:00,2026-08-07,16:00-19:00,FDH-055,True
SLOT-FDH-055-3-09:00-12:00,2026-08-08,09:00-12:00,FDH-055,True
SLOT-FDH-055-3-13:00-16:00,2026-08-08,13:00-16:00,FDH-055,True
SLOT-FDH-055-3-16:00-19:00,2026-08-08,16:00-19:00,FDH-055,True
SLOT-FDH-055-4-09:00-12:00,2026-08-09,09:00-12:00,FDH-055,False
SLOT-FDH-055-4-13:00-16:00,2026-08-09,13:00-16:00,FDH-055,True
SLOT-FDH-055-4-16:00-19:00,2026-08-09,16:00-19:00,FDH-055,False
SLOT-FDH-055-5-09:00-12:00,2026-08-10,09:00-12:00,FDH-055,True
SLOT-FDH-055-5-13:00-16:00,2026-08-10,13:00-16:00,FDH-055,True
SLOT-FDH-055-5-16:00-19:00,2026-08-10,16:00-19:00,FDH-055,False
SLOT-FDH-055-6-09:00-12:00,2026-08-11,09:00-12:00,FDH-055,True
SLOT-FDH-055-6-13:00-16:00,2026-08-11,13:00-16:00,FDH-055,False
SLOT-FDH-055-6-16:00-19:00,2026-08-11,16:00-19:00,FDH-055,True
SLOT-FDH-055-7-09:00-12:00,2026-08-12,09:00-12:00,FDH-055,True
SLOT-FDH-055-7-13:00-16:00,2026-08-12,13:00-16:00,FDH-055,True
SLOT-FDH-055-7-16:00-19:00,2026-08-12,16:00-19:00,FDH-055,True
SLOT-FDH-055-8-09:00-12:00,2026-08-13,09:00-12:00,FDH-055,True
SLOT-FDH-055-8-13:00-16:00,2026-08-13,13:00-16:00,FDH-055,True
SLOT-FDH-055-8-16:00-19:00,2026-08-13,16:00-19:00,FDH-055,False
SLOT-FDH-055-9-09:00-12:00,2026-08-14,09:00-12:00,FDH-055,False
SLOT-FDH-055-9-13:00-16:00,2026-08-14,13:00-16:00,FDH-055,True
SLOT-FDH-055-9-16:00-19:00,2026-08-14,16:00-19:00,FDH-055,True
SLOT-FDH-055-10-09:00-12:00,2026-08-15,09:00-12:00,FDH-055,True
SLOT-FDH-055-10-13:00-16:00,2026-08-15,13:00-16:00,FDH-055,True
SLOT-FDH-055-10-16:00-19:00,2026-08-15,16:00-19:00,FDH-055,False
SLOT-FDH-055-11-09:00-12:00,2026-08-16,09:00-12:00,FDH-055,True
SLOT-FDH-055-11-13:00-16:00,2026-08-16,13:00-16:00,FDH-055,True
SLOT-FDH-055-11-16:00-19:00,2026-08-16,16:00-19:00,FDH-055,True
SLOT-FDH-055-12-09:00-12:00,2026-08-17,09:00-12:00,FDH-055,False
SLOT-FDH-055-12-13:00-16:00,2026-08-17,13:00-16:00,FDH-055,True
SLOT-FDH-055-12-16:00-19:00,2026-08-17,16:00-19:00,FDH-055,True
SLOT-FDH-055-13-09:00-12:00,2026-08-18,09:00-12:00,FDH-055,True
SLOT-FDH-055-13-13:00-16:00,2026-08-18,13:00-16:00,FDH-055,True
SLOT-FDH-055-13-16:00-19:00,2026-08-18,16:00-19:00,FDH-055,True
SLOT-FDH-056-0-09:00-12:00,2026-08-05,09:00-12:00,FDH-056,True
SLOT-FDH-056-0-13:00-16:00,2026-08-05,13:00-16:00,FDH-056,True
SLOT-FDH-056-0-16:00-19:00,2026-08-05,16:00-19:00,FDH-056,True
SLOT-FDH-056-1-09:00-12:00,2026-08-06,09:00-12:00,FDH-056,True
SLOT-FDH-056-1-13:00-16:00,2026-08-06,13:00-16:00,FDH-056,True
SLOT-FDH-056-1-16:00-19:00,2026-08-06,16:00-19:00,FDH-056,True
SLOT-FDH-056-2-09:00-12:00,2026-08-07,09:00-12:00,FDH-056,True
SLOT-FDH-056-2-13:00-16:00,2026-08-07,13:00-16:00,FDH-056,True
SLOT-FDH-056-2-16:00-19:00,2026-08-07,16:00-19:00,FDH-056,True
SLOT-FDH-056-3-09:00-12:00,2026-08-08,09:00-12:00,FDH-056,True
SLOT-FDH-056-3-13:00-16:00,2026-08-08,13:00-16:00,FDH-056,True
SLOT-FDH-056-3-16:00-19:00,2026-08-08,16:00-19:00,FDH-056,True
SLOT-FDH-056-4-09:00-12:00,2026-08-09,09:00-12:00,FDH-056,True
SLOT-FDH-056-4-13:00-16:00,2026-08-09,13:00-16:00,FDH-056,True
SLOT-FDH-056-4-16:00-19:00,2026-08-09,16:00-19:00,FDH-056,True
SLOT-FDH-056-5-09:00-12:00,2026-08-10,09:00-12:00,FDH-056,True
SLOT-FDH-056-5-13:00-16:00,2026-08-10,13:00-16:00,FDH-056,False
SLOT-FDH-056-5-16:00-19:00,2026-08-10,16:00-19:00,FDH-056,False
SLOT-FDH-056-6-09:00-12:00,2026-08-11,09:00-12:00,FDH-056,True
SLOT-FDH-056-6-13:00-16:00,2026-08-11,13:00-16:00,FDH-056,True
SLOT-FDH-056-6-16:00-19:00,2026-08-11,16:00-19:00,FDH-056,True
SLOT-FDH-056-7-09:00-12:00,2026-08-12,09:00-12:00,FDH-056,True
SLOT-FDH-056-7-13:00-16:00,2026-08-12,13:00-16:00,FDH-056,True
SLOT-FDH-056-7-16:00-19:00,2026-08-12,16:00-19:00,FDH-056,True
SLOT-FDH-056-8-09:00-12:00,2026-08-13,09:00-12:00,FDH-056,True
SLOT-FDH-056-8-13:00-16:00,2026-08-13,13:00-16:00,FDH-056,True
SLOT-FDH-056-8-16:00-19:00,2026-08-13,16:00-19:00,FDH-056,False
SLOT-FDH-056-9-09:00-12:00,2026-08-14,09:00-12:00,FDH-056,True
SLOT-FDH-056-9-13:00-16:00,2026-08-14,13:00-16:00,FDH-056,True
SLOT-FDH-056-9-16:00-19:00,2026-08-14,16:00-19:00,FDH-056,False
SLOT-FDH-056-10-09:00-12:00,2026-08-15,09:00-12:00,FDH-056,True
SLOT-FDH-056-10-13:00-16:00,2026-08-15,13:00-16:00,FDH-056,True
SLOT-FDH-056-10-16:00-19:00,2026-08-15,16:00-19:00,FDH-056,True
SLOT-FDH-056-11-09:00-12:00,2026-08-16,09:00-12:00,FDH-056,True
SLOT-FDH-056-11-13:00-16:00,2026-08-16,13:00-16:00,FDH-056,True
SLOT-FDH-056-11-16:00-19:00,2026-08-16,16:00-19:00,FDH-056,True
SLOT-FDH-056-12-09:00-12:00,2026-08-17,09:00-12:00,FDH-056,True
SLOT-FDH-056-12-13:00-16:00,2026-08-17,13:00-16:00,FDH-056,False
SLOT-FDH-056-12-16:00-19:00,2026-08-17,16:00-19:00,FDH-056,True
SLOT-FDH-056-13-09:00-12:00,2026-08-18,09:00-12:00,FDH-056,True
SLOT-FDH-056-13-13:00-16:00,2026-08-18,13:00-16:00,FDH-056,False
SLOT-FDH-056-13-16:00-19:00,2026-08-18,16:00-19:00,FDH-056,True
SLOT-FDH-057-0-09:00-12:00,2026-08-05,09:00-12:00,FDH-057,True
SLOT-FDH-057-0-13:00-16:00,2026-08-05,13:00-16:00,FDH-057,True
SLOT-FDH-057-0-16:00-19:00,2026-08-05,16:00-19:00,FDH-057,True
SLOT-FDH-057-1-09:00-12:00,2026-08-06,09:00-12:00,FDH-057,False
SLOT-FDH-057-1-13:00-16:00,2026-08-06,13:00-16:00,FDH-057,True
SLOT-FDH-057-1-16:00-19:00,2026-08-06,16:00-19:00,FDH-057,True
SLOT-FDH-057-2-09:00-12:00,2026-08-07,09:00-12:00,FDH-057,False
SLOT-FDH-057-2-13:00-16:00,2026-08-07,13:00-16:00,FDH-057,True
SLOT-FDH-057-2-16:00-19:00,2026-08-07,16:00-19:00,FDH-057,True
SLOT-FDH-057-3-09:00-12:00,2026-08-08,09:00-12:00,FDH-057,True
SLOT-FDH-057-3-13:00-16:00,2026-08-08,13:00-16:00,FDH-057,True
SLOT-FDH-057-3-16:00-19:00,2026-08-08,16:00-19:00,FDH-057,True
SLOT-FDH-057-4-09:00-12:00,2026-08-09,09:00-12:00,FDH-057,True
SLOT-FDH-057-4-13:00-16:00,2026-08-09,13:00-16:00,FDH-057,True
SLOT-FDH-057-4-16:00-19:00,2026-08-09,16:00-19:00,FDH-057,False
SLOT-FDH-057-5-09:00-12:00,2026-08-10,09:00-12:00,FDH-057,False
SLOT-FDH-057-5-13:00-16:00,2026-08-10,13:00-16:00,FDH-057,True
SLOT-FDH-057-5-16:00-19:00,2026-08-10,16:00-19:00,FDH-057,True
SLOT-FDH-057-6-09:00-12:00,2026-08-11,09:00-12:00,FDH-057,False
SLOT-FDH-057-6-13:00-16:00,2026-08-11,13:00-16:00,FDH-057,True
SLOT-FDH-057-6-16:00-19:00,2026-08-11,16:00-19:00,FDH-057,True
SLOT-FDH-057-7-09:00-12:00,2026-08-12,09:00-12:00,FDH-057,False
SLOT-FDH-057-7-13:00-16:00,2026-08-12,13:00-16:00,FDH-057,True
SLOT-FDH-057-7-16:00-19:00,2026-08-12,16:00-19:00,FDH-057,True
SLOT-FDH-057-8-09:00-12:00,2026-08-13,09:00-12:00,FDH-057,False
SLOT-FDH-057-8-13:00-16:00,2026-08-13,13:00-16:00,FDH-057,False
SLOT-FDH-057-8-16:00-19:00,2026-08-13,16:00-19:00,FDH-057,True
SLOT-FDH-057-9-09:00-12:00,2026-08-14,09:00-12:00,FDH-057,False
SLOT-FDH-057-9-13:00-16:00,2026-08-14,13:00-16:00,FDH-057,False
SLOT-FDH-057-9-16:00-19:00,2026-08-14,16:00-19:00,FDH-057,True
SLOT-FDH-057-10-09:00-12:00,2026-08-15,09:00-12:00,FDH-057,True
SLOT-FDH-057-10-13:00-16:00,2026-08-15,13:00-16:00,FDH-057,True
SLOT-FDH-057-10-16:00-19:00,2026-08-15,16:00-19:00,FDH-057,True
SLOT-FDH-057-11-09:00-12:00,2026-08-16,09:00-12:00,FDH-057,True
SLOT-FDH-057-11-13:00-16:00,2026-08-16,13:00-16:00,FDH-057,True
SLOT-FDH-057-11-16:00-19:00,2026-08-16,16:00-19:00,FDH-057,True
SLOT-FDH-057-12-09:00-12:00,2026-08-17,09:00-12:00,FDH-057,False
SLOT-FDH-057-12-13:00-16:00,2026-08-17,13:00-16:00,FDH-057,False
SLOT-FDH-057-12-16:00-19:00,2026-08-17,16:00-19:00,FDH-057,True
SLOT-FDH-057-13-09:00-12:00,2026-08-18,09:00-12:00,FDH-057,True
SLOT-FDH-057-13-13:00-16:00,2026-08-18,13:00-16:00,FDH-057,True
SLOT-FDH-057-13-16:00-19:00,2026-08-18,16:00-19:00,FDH-057,True
SLOT-FDH-058-0-09:00-12:00,2026-08-05,09:00-12:00,FDH-058,True
SLOT-FDH-058-0-13:00-16:00,2026-08-05,13:00-16:00,FDH-058,True
SLOT-FDH-058-0-16:00-19:00,2026-08-05,16:00-19:00,FDH-058,True
SLOT-FDH-058-1-09:00-12:00,2026-08-06,09:00-12:00,FDH-058,True
SLOT-FDH-058-1-13:00-16:00,2026-08-06,13:00-16:00,FDH-058,True
SLOT-FDH-058-1-16:00-19:00,2026-08-06,16:00-19:00,FDH-058,True
SLOT-FDH-058-2-09:00-12:00,2026-08-07,09:00-12:00,FDH-058,True
SLOT-FDH-058-2-13:00-16:00,2026-08-07,13:00-16:00,FDH-058,False
SLOT-FDH-058-2-16:00-19:00,2026-08-07,16:00-19:00,FDH-058,True
SLOT-FDH-058-3-09:00-12:00,2026-08-08,09:00-12:00,FDH-058,True
SLOT-FDH-058-3-13:00-16:00,2026-08-08,13:00-16:00,FDH-058,True
SLOT-FDH-058-3-16:00-19:00,2026-08-08,16:00-19:00,FDH-058,True
SLOT-FDH-058-4-09:00-12:00,2026-08-09,09:00-12:00,FDH-058,True
SLOT-FDH-058-4-13:00-16:00,2026-08-09,13:00-16:00,FDH-058,True
SLOT-FDH-058-4-16:00-19:00,2026-08-09,16:00-19:00,FDH-058,False
SLOT-FDH-058-5-09:00-12:00,2026-08-10,09:00-12:00,FDH-058,True
SLOT-FDH-058-5-13:00-16:00,2026-08-10,13:00-16:00,FDH-058,True
SLOT-FDH-058-5-16:00-19:00,2026-08-10,16:00-19:00,FDH-058,True
SLOT-FDH-058-6-09:00-12:00,2026-08-11,09:00-12:00,FDH-058,True
SLOT-FDH-058-6-13:00-16:00,2026-08-11,13:00-16:00,FDH-058,True
SLOT-FDH-058-6-16:00-19:00,2026-08-11,16:00-19:00,FDH-058,True
SLOT-FDH-058-7-09:00-12:00,2026-08-12,09:00-12:00,FDH-058,True
SLOT-FDH-058-7-13:00-16:00,2026-08-12,13:00-16:00,FDH-058,True
SLOT-FDH-058-7-16:00-19:00,2026-08-12,16:00-19:00,FDH-058,True
SLOT-FDH-058-8-09:00-12:00,2026-08-13,09:00-12:00,FDH-058,True
SLOT-FDH-058-8-13:00-16:00,2026-08-13,13:00-16:00,FDH-058,True
SLOT-FDH-058-8-16:00-19:00,2026-08-13,16:00-19:00,FDH-058,True
SLOT-FDH-058-9-09:00-12:00,2026-08-14,09:00-12:00,FDH-058,True
SLOT-FDH-058-9-13:00-16:00,2026-08-14,13:00-16:00,FDH-058,True
SLOT-FDH-058-9-16:00-19:00,2026-08-14,16:00-19:00,FDH-058,True
SLOT-FDH-058-10-09:00-12:00,2026-08-15,09:00-12:00,FDH-058,True
SLOT-FDH-058-10-13:00-16:00,2026-08-15,13:00-16:00,FDH-058,True
SLOT-FDH-058-10-16:00-19:00,2026-08-15,16:00-19:00,FDH-058,True
SLOT-FDH-058-11-09:00-12:00,2026-08-16,09:00-12:00,FDH-058,True
SLOT-FDH-058-11-13:00-16:00,2026-08-16,13:00-16:00,FDH-058,True
SLOT-FDH-058-11-16:00-19:00,2026-08-16,16:00-19:00,FDH-058,False
SLOT-FDH-058-12-09:00-12:00,2026-08-17,09:00-12:00,FDH-058,True
SLOT-FDH-058-12-13:00-16:00,2026-08-17,13:00-16:00,FDH-058,True
SLOT-FDH-058-12-16:00-19:00,2026-08-17,16:00-19:00,FDH-058,False
SLOT-FDH-058-13-09:00-12:00,2026-08-18,09:00-12:00,FDH-058,False
SLOT-FDH-058-13-13:00-16:00,2026-08-18,13:00-16:00,FDH-058,True
SLOT-FDH-058-13-16:00-19:00,2026-08-18,16:00-19:00,FDH-058,True
SLOT-FDH-059-0-09:00-12:00,2026-08-05,09:00-12:00,FDH-059,True
SLOT-FDH-059-0-13:00-16:00,2026-08-05,13:00-16:00,FDH-059,True
SLOT-FDH-059-0-16:00-19:00,2026-08-05,16:00-19:00,FDH-059,False
SLOT-FDH-059-1-09:00-12:00,2026-08-06,09:00-12:00,FDH-059,True
SLOT-FDH-059-1-13:00-16:00,2026-08-06,13:00-16:00,FDH-059,True
SLOT-FDH-059-1-16:00-19:00,2026-08-06,16:00-19:00,FDH-059,True
SLOT-FDH-059-2-09:00-12:00,2026-08-07,09:00-12:00,FDH-059,False
SLOT-FDH-059-2-13:00-16:00,2026-08-07,13:00-16:00,FDH-059,True
SLOT-FDH-059-2-16:00-19:00,2026-08-07,16:00-19:00,FDH-059,True
SLOT-FDH-059-3-09:00-12:00,2026-08-08,09:00-12:00,FDH-059,True
SLOT-FDH-059-3-13:00-16:00,2026-08-08,13:00-16:00,FDH-059,True
SLOT-FDH-059-3-16:00-19:00,2026-08-08,16:00-19:00,FDH-059,True
SLOT-FDH-059-4-09:00-12:00,2026-08-09,09:00-12:00,FDH-059,True
SLOT-FDH-059-4-13:00-16:00,2026-08-09,13:00-16:00,FDH-059,True
SLOT-FDH-059-4-16:00-19:00,2026-08-09,16:00-19:00,FDH-059,False
SLOT-FDH-059-5-09:00-12:00,2026-08-10,09:00-12:00,FDH-059,True
SLOT-FDH-059-5-13:00-16:00,2026-08-10,13:00-16:00,FDH-059,True
SLOT-FDH-059-5-16:00-19:00,2026-08-10,16:00-19:00,FDH-059,True
SLOT-FDH-059-6-09:00-12:00,2026-08-11,09:00-12:00,FDH-059,True
SLOT-FDH-059-6-13:00-16:00,2026-08-11,13:00-16:00,FDH-059,False
SLOT-FDH-059-6-16:00-19:00,2026-08-11,16:00-19:00,FDH-059,True
SLOT-FDH-059-7-09:00-12:00,2026-08-12,09:00-12:00,FDH-059,True
SLOT-FDH-059-7-13:00-16:00,2026-08-12,13:00-16:00,FDH-059,True
SLOT-FDH-059-7-16:00-19:00,2026-08-12,16:00-19:00,FDH-059,True
SLOT-FDH-059-8-09:00-12:00,2026-08-13,09:00-12:00,FDH-059,True
SLOT-FDH-059-8-13:00-16:00,2026-08-13,13:00-16:00,FDH-059,True
SLOT-FDH-059-8-16:00-19:00,2026-08-13,16:00-19:00,FDH-059,True
SLOT-FDH-059-9-09:00-12:00,2026-08-14,09:00-12:00,FDH-059,True
SLOT-FDH-059-9-13:00-16:00,2026-08-14,13:00-16:00,FDH-059,True
SLOT-FDH-059-9-16:00-19:00,2026-08-14,16:00-19:00,FDH-059,True
SLOT-FDH-059-10-09:00-12:00,2026-08-15,09:00-12:00,FDH-059,True
SLOT-FDH-059-10-13:00-16:00,2026-08-15,13:00-16:00,FDH-059,True
SLOT-FDH-059-10-16:00-19:00,2026-08-15,16:00-19:00,FDH-059,True
SLOT-FDH-059-11-09:00-12:00,2026-08-16,09:00-12:00,FDH-059,True
SLOT-FDH-059-11-13:00-16:00,2026-08-16,13:00-16:00,FDH-059,True
SLOT-FDH-059-11-16:00-19:00,2026-08-16,16:00-19:00,FDH-059,True
SLOT-FDH-059-12-09:00-12:00,2026-08-17,09:00-12:00,FDH-059,True
SLOT-FDH-059-12-13:00-16:00,2026-08-17,13:00-16:00,FDH-059,True
SLOT-FDH-059-12-16:00-19:00,2026-08-17,16:00-19:00,FDH-059,False
SLOT-FDH-059-13-09:00-12:00,2026-08-18,09:00-12:00,FDH-059,True
SLOT-FDH-059-13-13:00-16:00,2026-08-18,13:00-16:00,FDH-059,False
SLOT-FDH-059-13-16:00-19:00,2026-08-18,16:00-19:00,FDH-059,True
SLOT-FDH-060-0-09:00-12:00,2026-08-05,09:00-12:00,FDH-060,True
SLOT-FDH-060-0-13:00-16:00,2026-08-05,13:00-16:00,FDH-060,True
SLOT-FDH-060-0-16:00-19:00,2026-08-05,16:00-19:00,FDH-060,True
SLOT-FDH-060-1-09:00-12:00,2026-08-06,09:00-12:00,FDH-060,True
SLOT-FDH-060-1-13:00-16:00,2026-08-06,13:00-16:00,FDH-060,True
SLOT-FDH-060-1-16:00-19:00,2026-08-06,16:00-19:00,FDH-060,True
SLOT-FDH-060-2-09:00-12:00,2026-08-07,09:00-12:00,FDH-060,True
SLOT-FDH-060-2-13:00-16:00,2026-08-07,13:00-16:00,FDH-060,True
SLOT-FDH-060-2-16:00-19:00,2026-08-07,16:00-19:00,FDH-060,True
SLOT-FDH-060-3-09:00-12:00,2026-08-08,09:00-12:00,FDH-060,True
SLOT-FDH-060-3-13:00-16:00,2026-08-08,13:00-16:00,FDH-060,True
SLOT-FDH-060-3-16:00-19:00,2026-08-08,16:00-19:00,FDH-060,True
SLOT-FDH-060-4-09:00-12:00,2026-08-09,09:00-12:00,FDH-060,True
SLOT-FDH-060-4-13:00-16:00,2026-08-09,13:00-16:00,FDH-060,True
SLOT-FDH-060-4-16:00-19:00,2026-08-09,16:00-19:00,FDH-060,True
SLOT-FDH-060-5-09:00-12:00,2026-08-10,09:00-12:00,FDH-060,True
SLOT-FDH-060-5-13:00-16:00,2026-08-10,13:00-16:00,FDH-060,False
SLOT-FDH-060-5-16:00-19:00,2026-08-10,16:00-19:00,FDH-060,True
SLOT-FDH-060-6-09:00-12:00,2026-08-11,09:00-12:00,FDH-060,True
SLOT-FDH-060-6-13:00-16:00,2026-08-11,13:00-16:00,FDH-060,True
SLOT-FDH-060-6-16:00-19:00,2026-08-11,16:00-19:00,FDH-060,True
SLOT-FDH-060-7-09:00-12:00,2026-08-12,09:00-12:00,FDH-060,True
SLOT-FDH-060-7-13:00-16:00,2026-08-12,13:00-16:00,FDH-060,True
SLOT-FDH-060-7-16:00-19:00,2026-08-12,16:00-19:00,FDH-060,True
SLOT-FDH-060-8-09:00-12:00,2026-08-13,09:00-12:00,FDH-060,False
SLOT-FDH-060-8-13:00-16:00,2026-08-13,13:00-16:00,FDH-060,True
SLOT-FDH-060-8-16:00-19:00,2026-08-13,16:00-19:00,FDH-060,True
SLOT-FDH-060-9-09:00-12:00,2026-08-14,09:00-12:00,FDH-060,True
SLOT-FDH-060-9-13:00-16:00,2026-08-14,13:00-16:00,FDH-060,True
SLOT-FDH-060-9-16:00-19:00,2026-08-14,16:00-19:00,FDH-060,False
SLOT-FDH-060-10-09:00-12:00,2026-08-15,09:00-12:00,FDH-060,True
SLOT-FDH-060-10-13:00-16:00,2026-08-15,13:00-16:00,FDH-060,True
SLOT-FDH-060-10-16:00-19:00,2026-08-15,16:00-19:00,FDH-060,True
SLOT-FDH-060-11-09:00-12:00,2026-08-16,09:00-12:00,FDH-060,False
SLOT-FDH-060-11-13:00-16:00,2026-08-16,13:00-16:00,FDH-060,True
SLOT-FDH-060-11-16:00-19:00,2026-08-16,16:00-19:00,FDH-060,True
SLOT-FDH-060-12-09:00-12:00,2026-08-17,09:00-12:00,FDH-060,True
SLOT-FDH-060-12-13:00-16:00,2026-08-17,13:00-16:00,FDH-060,True
SLOT-FDH-060-12-16:00-19:00,2026-08-17,16:00-19:00,FDH-060,True
SLOT-FDH-060-13-09:00-12:00,2026-08-18,09:00-12:00,FDH-060,True
SLOT-FDH-060-13-13:00-16:00,2026-08-18,13:00-16:00,FDH-060,True
SLOT-FDH-060-13-16:00-19:00,2026-08-18,16:00-19:00,FDH-060,True
SLOT-FDH-061-0-09:00-12:00,2026-08-05,09:00-12:00,FDH-061,True
SLOT-FDH-061-0-13:00-16:00,2026-08-05,13:00-16:00,FDH-061,True
SLOT-FDH-061-0-16:00-19:00,2026-08-05,16:00-19:00,FDH-061,True
SLOT-FDH-061-1-09:00-12:00,2026-08-06,09:00-12:00,FDH-061,True
SLOT-FDH-061-1-13:00-16:00,2026-08-06,13:00-16:00,FDH-061,True
SLOT-FDH-061-1-16:00-19:00,2026-08-06,16:00-19:00,FDH-061,True
SLOT-FDH-061-2-09:00-12:00,2026-08-07,09:00-12:00,FDH-061,True
SLOT-FDH-061-2-13:00-16:00,2026-08-07,13:00-16:00,FDH-061,False
SLOT-FDH-061-2-16:00-19:00,2026-08-07,16:00-19:00,FDH-061,True
SLOT-FDH-061-3-09:00-12:00,2026-08-08,09:00-12:00,FDH-061,True
SLOT-FDH-061-3-13:00-16:00,2026-08-08,13:00-16:00,FDH-061,True
SLOT-FDH-061-3-16:00-19:00,2026-08-08,16:00-19:00,FDH-061,True
SLOT-FDH-061-4-09:00-12:00,2026-08-09,09:00-12:00,FDH-061,True
SLOT-FDH-061-4-13:00-16:00,2026-08-09,13:00-16:00,FDH-061,True
SLOT-FDH-061-4-16:00-19:00,2026-08-09,16:00-19:00,FDH-061,False
SLOT-FDH-061-5-09:00-12:00,2026-08-10,09:00-12:00,FDH-061,True
SLOT-FDH-061-5-13:00-16:00,2026-08-10,13:00-16:00,FDH-061,True
SLOT-FDH-061-5-16:00-19:00,2026-08-10,16:00-19:00,FDH-061,True
SLOT-FDH-061-6-09:00-12:00,2026-08-11,09:00-12:00,FDH-061,True
SLOT-FDH-061-6-13:00-16:00,2026-08-11,13:00-16:00,FDH-061,True
SLOT-FDH-061-6-16:00-19:00,2026-08-11,16:00-19:00,FDH-061,False
SLOT-FDH-061-7-09:00-12:00,2026-08-12,09:00-12:00,FDH-061,True
SLOT-FDH-061-7-13:00-16:00,2026-08-12,13:00-16:00,FDH-061,True
SLOT-FDH-061-7-16:00-19:00,2026-08-12,16:00-19:00,FDH-061,False
SLOT-FDH-061-8-09:00-12:00,2026-08-13,09:00-12:00,FDH-061,True
SLOT-FDH-061-8-13:00-16:00,2026-08-13,13:00-16:00,FDH-061,True
SLOT-FDH-061-8-16:00-19:00,2026-08-13,16:00-19:00,FDH-061,True
SLOT-FDH-061-9-09:00-12:00,2026-08-14,09:00-12:00,FDH-061,True
SLOT-FDH-061-9-13:00-16:00,2026-08-14,13:00-16:00,FDH-061,True
SLOT-FDH-061-9-16:00-19:00,2026-08-14,16:00-19:00,FDH-061,True
SLOT-FDH-061-10-09:00-12:00,2026-08-15,09:00-12:00,FDH-061,True
SLOT-FDH-061-10-13:00-16:00,2026-08-15,13:00-16:00,FDH-061,True
SLOT-FDH-061-10-16:00-19:00,2026-08-15,16:00-19:00,FDH-061,True
SLOT-FDH-061-11-09:00-12:00,2026-08-16,09:00-12:00,FDH-061,True
SLOT-FDH-061-11-13:00-16:00,2026-08-16,13:00-16:00,FDH-061,True
SLOT-FDH-061-11-16:00-19:00,2026-08-16,16:00-19:00,FDH-061,True
SLOT-FDH-061-12-09:00-12:00,2026-08-17,09:00-12:00,FDH-061,True
SLOT-FDH-061-12-13:00-16:00,2026-08-17,13:00-16:00,FDH-061,True
SLOT-FDH-061-12-16:00-19:00,2026-08-17,16:00-19:00,FDH-061,True
SLOT-FDH-061-13-09:00-12:00,2026-08-18,09:00-12:00,FDH-061,False
SLOT-FDH-061-13-13:00-16:00,2026-08-18,13:00-16:00,FDH-061,True
SLOT-FDH-061-13-16:00-19:00,2026-08-18,16:00-19:00,FDH-061,True
SLOT-FDH-062-0-09:00-12:00,2026-08-05,09:00-12:00,FDH-062,True
SLOT-FDH-062-0-13:00-16:00,2026-08-05,13:00-16:00,FDH-062,True
SLOT-FDH-062-0-16:00-19:00,2026-08-05,16:00-19:00,FDH-062,True
SLOT-FDH-062-1-09:00-12:00,2026-08-06,09:00-12:00,FDH-062,True
SLOT-FDH-062-1-13:00-16:00,2026-08-06,13:00-16:00,FDH-062,True
SLOT-FDH-062-1-16:00-19:00,2026-08-06,16:00-19:00,FDH-062,True
SLOT-FDH-062-2-09:00-12:00,2026-08-07,09:00-12:00,FDH-062,True
SLOT-FDH-062-2-13:00-16:00,2026-08-07,13:00-16:00,FDH-062,True
SLOT-FDH-062-2-16:00-19:00,2026-08-07,16:00-19:00,FDH-062,True
SLOT-FDH-062-3-09:00-12:00,2026-08-08,09:00-12:00,FDH-062,True
SLOT-FDH-062-3-13:00-16:00,2026-08-08,13:00-16:00,FDH-062,True
SLOT-FDH-062-3-16:00-19:00,2026-08-08,16:00-19:00,FDH-062,True
SLOT-FDH-062-4-09:00-12:00,2026-08-09,09:00-12:00,FDH-062,True
SLOT-FDH-062-4-13:00-16:00,2026-08-09,13:00-16:00,FDH-062,True
SLOT-FDH-062-4-16:00-19:00,2026-08-09,16:00-19:00,FDH-062,True
SLOT-FDH-062-5-09:00-12:00,2026-08-10,09:00-12:00,FDH-062,True
SLOT-FDH-062-5-13:00-16:00,2026-08-10,13:00-16:00,FDH-062,True
SLOT-FDH-062-5-16:00-19:00,2026-08-10,16:00-19:00,FDH-062,True
SLOT-FDH-062-6-09:00-12:00,2026-08-11,09:00-12:00,FDH-062,True
SLOT-FDH-062-6-13:00-16:00,2026-08-11,13:00-16:00,FDH-062,True
SLOT-FDH-062-6-16:00-19:00,2026-08-11,16:00-19:00,FDH-062,True
SLOT-FDH-062-7-09:00-12:00,2026-08-12,09:00-12:00,FDH-062,True
SLOT-FDH-062-7-13:00-16:00,2026-08-12,13:00-16:00,FDH-062,True
SLOT-FDH-062-7-16:00-19:00,2026-08-12,16:00-19:00,FDH-062,True
SLOT-FDH-062-8-09:00-12:00,2026-08-13,09:00-12:00,FDH-062,False
SLOT-FDH-062-8-13:00-16:00,2026-08-13,13:00-16:00,FDH-062,False
SLOT-FDH-062-8-16:00-19:00,2026-08-13,16:00-19:00,FDH-062,True
SLOT-FDH-062-9-09:00-12:00,2026-08-14,09:00-12:00,FDH-062,True
SLOT-FDH-062-9-13:00-16:00,2026-08-14,13:00-16:00,FDH-062,True
SLOT-FDH-062-9-16:00-19:00,2026-08-14,16:00-19:00,FDH-062,True
SLOT-FDH-062-10-09:00-12:00,2026-08-15,09:00-12:00,FDH-062,False
SLOT-FDH-062-10-13:00-16:00,2026-08-15,13:00-16:00,FDH-062,True
SLOT-FDH-062-10-16:00-19:00,2026-08-15,16:00-19:00,FDH-062,False
SLOT-FDH-062-11-09:00-12:00,2026-08-16,09:00-12:00,FDH-062,True
SLOT-FDH-062-11-13:00-16:00,2026-08-16,13:00-16:00,FDH-062,True
SLOT-FDH-062-11-16:00-19:00,2026-08-16,16:00-19:00,FDH-062,False
SLOT-FDH-062-12-09:00-12:00,2026-08-17,09:00-12:00,FDH-062,True
SLOT-FDH-062-12-13:00-16:00,2026-08-17,13:00-16:00,FDH-062,True
SLOT-FDH-062-12-16:00-19:00,2026-08-17,16:00-19:00,FDH-062,True
SLOT-FDH-062-13-09:00-12:00,2026-08-18,09:00-12:00,FDH-062,True
SLOT-FDH-062-13-13:00-16:00,2026-08-18,13:00-16:00,FDH-062,True
SLOT-FDH-062-13-16:00-19:00,2026-08-18,16:00-19:00,FDH-062,True
SLOT-FDH-063-0-09:00-12:00,2026-08-05,09:00-12:00,FDH-063,True
SLOT-FDH-063-0-13:00-16:00,2026-08-05,13:00-16:00,FDH-063,True
SLOT-FDH-063-0-16:00-19:00,2026-08-05,16:00-19:00,FDH-063,True
SLOT-FDH-063-1-09:00-12:00,2026-08-06,09:00-12:00,FDH-063,True
SLOT-FDH-063-1-13:00-16:00,2026-08-06,13:00-16:00,FDH-063,True
SLOT-FDH-063-1-16:00-19:00,2026-08-06,16:00-19:00,FDH-063,True
SLOT-FDH-063-2-09:00-12:00,2026-08-07,09:00-12:00,FDH-063,True
SLOT-FDH-063-2-13:00-16:00,2026-08-07,13:00-16:00,FDH-063,False
SLOT-FDH-063-2-16:00-19:00,2026-08-07,16:00-19:00,FDH-063,True
SLOT-FDH-063-3-09:00-12:00,2026-08-08,09:00-12:00,FDH-063,True
SLOT-FDH-063-3-13:00-16:00,2026-08-08,13:00-16:00,FDH-063,False
SLOT-FDH-063-3-16:00-19:00,2026-08-08,16:00-19:00,FDH-063,True
SLOT-FDH-063-4-09:00-12:00,2026-08-09,09:00-12:00,FDH-063,True
SLOT-FDH-063-4-13:00-16:00,2026-08-09,13:00-16:00,FDH-063,True
SLOT-FDH-063-4-16:00-19:00,2026-08-09,16:00-19:00,FDH-063,True
SLOT-FDH-063-5-09:00-12:00,2026-08-10,09:00-12:00,FDH-063,True
SLOT-FDH-063-5-13:00-16:00,2026-08-10,13:00-16:00,FDH-063,False
SLOT-FDH-063-5-16:00-19:00,2026-08-10,16:00-19:00,FDH-063,True
SLOT-FDH-063-6-09:00-12:00,2026-08-11,09:00-12:00,FDH-063,True
SLOT-FDH-063-6-13:00-16:00,2026-08-11,13:00-16:00,FDH-063,True
SLOT-FDH-063-6-16:00-19:00,2026-08-11,16:00-19:00,FDH-063,True
SLOT-FDH-063-7-09:00-12:00,2026-08-12,09:00-12:00,FDH-063,True
SLOT-FDH-063-7-13:00-16:00,2026-08-12,13:00-16:00,FDH-063,True
SLOT-FDH-063-7-16:00-19:00,2026-08-12,16:00-19:00,FDH-063,True
SLOT-FDH-063-8-09:00-12:00,2026-08-13,09:00-12:00,FDH-063,True
SLOT-FDH-063-8-13:00-16:00,2026-08-13,13:00-16:00,FDH-063,False
SLOT-FDH-063-8-16:00-19:00,2026-08-13,16:00-19:00,FDH-063,False
SLOT-FDH-063-9-09:00-12:00,2026-08-14,09:00-12:00,FDH-063,True
SLOT-FDH-063-9-13:00-16:00,2026-08-14,13:00-16:00,FDH-063,True
SLOT-FDH-063-9-16:00-19:00,2026-08-14,16:00-19:00,FDH-063,True
SLOT-FDH-063-10-09:00-12:00,2026-08-15,09:00-12:00,FDH-063,True
SLOT-FDH-063-10-13:00-16:00,2026-08-15,13:00-16:00,FDH-063,True
SLOT-FDH-063-10-16:00-19:00,2026-08-15,16:00-19:00,FDH-063,True
SLOT-FDH-063-11-09:00-12:00,2026-08-16,09:00-12:00,FDH-063,True
SLOT-FDH-063-11-13:00-16:00,2026-08-16,13:00-16:00,FDH-063,True
SLOT-FDH-063-11-16:00-19:00,2026-08-16,16:00-19:00,FDH-063,True
SLOT-FDH-063-12-09:00-12:00,2026-08-17,09:00-12:00,FDH-063,True
SLOT-FDH-063-12-13:00-16:00,2026-08-17,13:00-16:00,FDH-063,True
SLOT-FDH-063-12-16:00-19:00,2026-08-17,16:00-19:00,FDH-063,True
SLOT-FDH-063-13-09:00-12:00,2026-08-18,09:00-12:00,FDH-063,False
SLOT-FDH-063-13-13:00-16:00,2026-08-18,13:00-16:00,FDH-063,True
SLOT-FDH-063-13-16:00-19:00,2026-08-18,16:00-19:00,FDH-063,True
SLOT-FDH-064-0-09:00-12:00,2026-08-05,09:00-12:00,FDH-064,True
SLOT-FDH-064-0-13:00-16:00,2026-08-05,13:00-16:00,FDH-064,True
SLOT-FDH-064-0-16:00-19:00,2026-08-05,16:00-19:00,FDH-064,False
SLOT-FDH-064-1-09:00-12:00,2026-08-06,09:00-12:00,FDH-064,True
SLOT-FDH-064-1-13:00-16:00,2026-08-06,13:00-16:00,FDH-064,True
SLOT-FDH-064-1-16:00-19:00,2026-08-06,16:00-19:00,FDH-064,True
SLOT-FDH-064-2-09:00-12:00,2026-08-07,09:00-12:00,FDH-064,True
SLOT-FDH-064-2-13:00-16:00,2026-08-07,13:00-16:00,FDH-064,False
SLOT-FDH-064-2-16:00-19:00,2026-08-07,16:00-19:00,FDH-064,True
SLOT-FDH-064-3-09:00-12:00,2026-08-08,09:00-12:00,FDH-064,True
SLOT-FDH-064-3-13:00-16:00,2026-08-08,13:00-16:00,FDH-064,True
SLOT-FDH-064-3-16:00-19:00,2026-08-08,16:00-19:00,FDH-064,True
SLOT-FDH-064-4-09:00-12:00,2026-08-09,09:00-12:00,FDH-064,True
SLOT-FDH-064-4-13:00-16:00,2026-08-09,13:00-16:00,FDH-064,True
SLOT-FDH-064-4-16:00-19:00,2026-08-09,16:00-19:00,FDH-064,True
SLOT-FDH-064-5-09:00-12:00,2026-08-10,09:00-12:00,FDH-064,True
SLOT-FDH-064-5-13:00-16:00,2026-08-10,13:00-16:00,FDH-064,True
SLOT-FDH-064-5-16:00-19:00,2026-08-10,16:00-19:00,FDH-064,True
SLOT-FDH-064-6-09:00-12:00,2026-08-11,09:00-12:00,FDH-064,True
SLOT-FDH-064-6-13:00-16:00,2026-08-11,13:00-16:00,FDH-064,True
SLOT-FDH-064-6-16:00-19:00,2026-08-11,16:00-19:00,FDH-064,True
SLOT-FDH-064-7-09:00-12:00,2026-08-12,09:00-12:00,FDH-064,True
SLOT-FDH-064-7-13:00-16:00,2026-08-12,13:00-16:00,FDH-064,True
SLOT-FDH-064-7-16:00-19:00,2026-08-12,16:00-19:00,FDH-064,False
SLOT-FDH-064-8-09:00-12:00,2026-08-13,09:00-12:00,FDH-064,True
SLOT-FDH-064-8-13:00-16:00,2026-08-13,13:00-16:00,FDH-064,False
SLOT-FDH-064-8-16:00-19:00,2026-08-13,16:00-19:00,FDH-064,True
SLOT-FDH-064-9-09:00-12:00,2026-08-14,09:00-12:00,FDH-064,False
SLOT-FDH-064-9-13:00-16:00,2026-08-14,13:00-16:00,FDH-064,True
SLOT-FDH-064-9-16:00-19:00,2026-08-14,16:00-19:00,FDH-064,True
SLOT-FDH-064-10-09:00-12:00,2026-08-15,09:00-12:00,FDH-064,True
SLOT-FDH-064-10-13:00-16:00,2026-08-15,13:00-16:00,FDH-064,True
SLOT-FDH-064-10-16:00-19:00,2026-08-15,16:00-19:00,FDH-064,True
SLOT-FDH-064-11-09:00-12:00,2026-08-16,09:00-12:00,FDH-064,True
SLOT-FDH-064-11-13:00-16:00,2026-08-16,13:00-16:00,FDH-064,True
SLOT-FDH-064-11-16:00-19:00,2026-08-16,16:00-19:00,FDH-064,True
SLOT-FDH-064-12-09:00-12:00,2026-08-17,09:00-12:00,FDH-064,True
SLOT-FDH-064-12-13:00-16:00,2026-08-17,13:00-16:00,FDH-064,False
SLOT-FDH-064-12-16:00-19:00,2026-08-17,16:00-19:00,FDH-064,False
SLOT-FDH-064-13-09:00-12:00,2026-08-18,09:00-12:00,FDH-064,True
SLOT-FDH-064-13-13:00-16:00,2026-08-18,13:00-16:00,FDH-064,True
SLOT-FDH-064-13-16:00-19:00,2026-08-18,16:00-19:00,FDH-064,True
SLOT-FDH-065-0-09:00-12:00,2026-08-05,09:00-12:00,FDH-065,False
SLOT-FDH-065-0-13:00-16:00,2026-08-05,13:00-16:00,FDH-065,True
SLOT-FDH-065-0-16:00-19:00,2026-08-05,16:00-19:00,FDH-065,True
SLOT-FDH-065-1-09:00-12:00,2026-08-06,09:00-12:00,FDH-065,True
SLOT-FDH-065-1-13:00-16:00,2026-08-06,13:00-16:00,FDH-065,True
SLOT-FDH-065-1-16:00-19:00,2026-08-06,16:00-19:00,FDH-065,True
SLOT-FDH-065-2-09:00-12:00,2026-08-07,09:00-12:00,FDH-065,True
SLOT-FDH-065-2-13:00-16:00,2026-08-07,13:00-16:00,FDH-065,False
SLOT-FDH-065-2-16:00-19:00,2026-08-07,16:00-19:00,FDH-065,True
SLOT-FDH-065-3-09:00-12:00,2026-08-08,09:00-12:00,FDH-065,True
SLOT-FDH-065-3-13:00-16:00,2026-08-08,13:00-16:00,FDH-065,True
SLOT-FDH-065-3-16:00-19:00,2026-08-08,16:00-19:00,FDH-065,True
SLOT-FDH-065-4-09:00-12:00,2026-08-09,09:00-12:00,FDH-065,True
SLOT-FDH-065-4-13:00-16:00,2026-08-09,13:00-16:00,FDH-065,True
SLOT-FDH-065-4-16:00-19:00,2026-08-09,16:00-19:00,FDH-065,True
SLOT-FDH-065-5-09:00-12:00,2026-08-10,09:00-12:00,FDH-065,True
SLOT-FDH-065-5-13:00-16:00,2026-08-10,13:00-16:00,FDH-065,True
SLOT-FDH-065-5-16:00-19:00,2026-08-10,16:00-19:00,FDH-065,False
SLOT-FDH-065-6-09:00-12:00,2026-08-11,09:00-12:00,FDH-065,True
SLOT-FDH-065-6-13:00-16:00,2026-08-11,13:00-16:00,FDH-065,True
SLOT-FDH-065-6-16:00-19:00,2026-08-11,16:00-19:00,FDH-065,True
SLOT-FDH-065-7-09:00-12:00,2026-08-12,09:00-12:00,FDH-065,True
SLOT-FDH-065-7-13:00-16:00,2026-08-12,13:00-16:00,FDH-065,True
SLOT-FDH-065-7-16:00-19:00,2026-08-12,16:00-19:00,FDH-065,True
SLOT-FDH-065-8-09:00-12:00,2026-08-13,09:00-12:00,FDH-065,True
SLOT-FDH-065-8-13:00-16:00,2026-08-13,13:00-16:00,FDH-065,True
SLOT-FDH-065-8-16:00-19:00,2026-08-13,16:00-19:00,FDH-065,True
SLOT-FDH-065-9-09:00-12:00,2026-08-14,09:00-12:00,FDH-065,False
SLOT-FDH-065-9-13:00-16:00,2026-08-14,13:00-16:00,FDH-065,True
SLOT-FDH-065-9-16:00-19:00,2026-08-14,16:00-19:00,FDH-065,False
SLOT-FDH-065-10-09:00-12:00,2026-08-15,09:00-12:00,FDH-065,False
SLOT-FDH-065-10-13:00-16:00,2026-08-15,13:00-16:00,FDH-065,False
SLOT-FDH-065-10-16:00-19:00,2026-08-15,16:00-19:00,FDH-065,True
SLOT-FDH-065-11-09:00-12:00,2026-08-16,09:00-12:00,FDH-065,False
SLOT-FDH-065-11-13:00-16:00,2026-08-16,13:00-16:00,FDH-065,True
SLOT-FDH-065-11-16:00-19:00,2026-08-16,16:00-19:00,FDH-065,False
SLOT-FDH-065-12-09:00-12:00,2026-08-17,09:00-12:00,FDH-065,True
SLOT-FDH-065-12-13:00-16:00,2026-08-17,13:00-16:00,FDH-065,True
SLOT-FDH-065-12-16:00-19:00,2026-08-17,16:00-19:00,FDH-065,True
SLOT-FDH-065-13-09:00-12:00,2026-08-18,09:00-12:00,FDH-065,True
SLOT-FDH-065-13-13:00-16:00,2026-08-18,13:00-16:00,FDH-065,True
SLOT-FDH-065-13-16:00-19:00,2026-08-18,16:00-19:00,FDH-065,True
SLOT-FDH-066-0-09:00-12:00,2026-08-05,09:00-12:00,FDH-066,True
SLOT-FDH-066-0-13:00-16:00,2026-08-05,13:00-16:00,FDH-066,True
SLOT-FDH-066-0-16:00-19:00,2026-08-05,16:00-19:00,FDH-066,True
SLOT-FDH-066-1-09:00-12:00,2026-08-06,09:00-12:00,FDH-066,True
SLOT-FDH-066-1-13:00-16:00,2026-08-06,13:00-16:00,FDH-066,False
SLOT-FDH-066-1-16:00-19:00,2026-08-06,16:00-19:00,FDH-066,True
SLOT-FDH-066-2-09:00-12:00,2026-08-07,09:00-12:00,FDH-066,True
SLOT-FDH-066-2-13:00-16:00,2026-08-07,13:00-16:00,FDH-066,True
SLOT-FDH-066-2-16:00-19:00,2026-08-07,16:00-19:00,FDH-066,True
SLOT-FDH-066-3-09:00-12:00,2026-08-08,09:00-12:00,FDH-066,True
SLOT-FDH-066-3-13:00-16:00,2026-08-08,13:00-16:00,FDH-066,True
SLOT-FDH-066-3-16:00-19:00,2026-08-08,16:00-19:00,FDH-066,True
SLOT-FDH-066-4-09:00-12:00,2026-08-09,09:00-12:00,FDH-066,False
SLOT-FDH-066-4-13:00-16:00,2026-08-09,13:00-16:00,FDH-066,True
SLOT-FDH-066-4-16:00-19:00,2026-08-09,16:00-19:00,FDH-066,False
SLOT-FDH-066-5-09:00-12:00,2026-08-10,09:00-12:00,FDH-066,True
SLOT-FDH-066-5-13:00-16:00,2026-08-10,13:00-16:00,FDH-066,False
SLOT-FDH-066-5-16:00-19:00,2026-08-10,16:00-19:00,FDH-066,True
SLOT-FDH-066-6-09:00-12:00,2026-08-11,09:00-12:00,FDH-066,True
SLOT-FDH-066-6-13:00-16:00,2026-08-11,13:00-16:00,FDH-066,True
SLOT-FDH-066-6-16:00-19:00,2026-08-11,16:00-19:00,FDH-066,True
SLOT-FDH-066-7-09:00-12:00,2026-08-12,09:00-12:00,FDH-066,False
SLOT-FDH-066-7-13:00-16:00,2026-08-12,13:00-16:00,FDH-066,True
SLOT-FDH-066-7-16:00-19:00,2026-08-12,16:00-19:00,FDH-066,True
SLOT-FDH-066-8-09:00-12:00,2026-08-13,09:00-12:00,FDH-066,True
SLOT-FDH-066-8-13:00-16:00,2026-08-13,13:00-16:00,FDH-066,True
SLOT-FDH-066-8-16:00-19:00,2026-08-13,16:00-19:00,FDH-066,False
SLOT-FDH-066-9-09:00-12:00,2026-08-14,09:00-12:00,FDH-066,True
SLOT-FDH-066-9-13:00-16:00,2026-08-14,13:00-16:00,FDH-066,False
SLOT-FDH-066-9-16:00-19:00,2026-08-14,16:00-19:00,FDH-066,True
SLOT-FDH-066-10-09:00-12:00,2026-08-15,09:00-12:00,FDH-066,True
SLOT-FDH-066-10-13:00-16:00,2026-08-15,13:00-16:00,FDH-066,True
SLOT-FDH-066-10-16:00-19:00,2026-08-15,16:00-19:00,FDH-066,True
SLOT-FDH-066-11-09:00-12:00,2026-08-16,09:00-12:00,FDH-066,True
SLOT-FDH-066-11-13:00-16:00,2026-08-16,13:00-16:00,FDH-066,True
SLOT-FDH-066-11-16:00-19:00,2026-08-16,16:00-19:00,FDH-066,True
SLOT-FDH-066-12-09:00-12:00,2026-08-17,09:00-12:00,FDH-066,True
SLOT-FDH-066-12-13:00-16:00,2026-08-17,13:00-16:00,FDH-066,True
SLOT-FDH-066-12-16:00-19:00,2026-08-17,16:00-19:00,FDH-066,True
SLOT-FDH-066-13-09:00-12:00,2026-08-18,09:00-12:00,FDH-066,True
SLOT-FDH-066-13-13:00-16:00,2026-08-18,13:00-16:00,FDH-066,True
SLOT-FDH-066-13-16:00-19:00,2026-08-18,16:00-19:00,FDH-066,True
SLOT-FDH-067-0-09:00-12:00,2026-08-05,09:00-12:00,FDH-067,True
SLOT-FDH-067-0-13:00-16:00,2026-08-05,13:00-16:00,FDH-067,True
SLOT-FDH-067-0-16:00-19:00,2026-08-05,16:00-19:00,FDH-067,True
SLOT-FDH-067-1-09:00-12:00,2026-08-06,09:00-12:00,FDH-067,False
SLOT-FDH-067-1-13:00-16:00,2026-08-06,13:00-16:00,FDH-067,True
SLOT-FDH-067-1-16:00-19:00,2026-08-06,16:00-19:00,FDH-067,True
SLOT-FDH-067-2-09:00-12:00,2026-08-07,09:00-12:00,FDH-067,True
SLOT-FDH-067-2-13:00-16:00,2026-08-07,13:00-16:00,FDH-067,True
SLOT-FDH-067-2-16:00-19:00,2026-08-07,16:00-19:00,FDH-067,True
SLOT-FDH-067-3-09:00-12:00,2026-08-08,09:00-12:00,FDH-067,True
SLOT-FDH-067-3-13:00-16:00,2026-08-08,13:00-16:00,FDH-067,True
SLOT-FDH-067-3-16:00-19:00,2026-08-08,16:00-19:00,FDH-067,True
SLOT-FDH-067-4-09:00-12:00,2026-08-09,09:00-12:00,FDH-067,True
SLOT-FDH-067-4-13:00-16:00,2026-08-09,13:00-16:00,FDH-067,True
SLOT-FDH-067-4-16:00-19:00,2026-08-09,16:00-19:00,FDH-067,True
SLOT-FDH-067-5-09:00-12:00,2026-08-10,09:00-12:00,FDH-067,True
SLOT-FDH-067-5-13:00-16:00,2026-08-10,13:00-16:00,FDH-067,True
SLOT-FDH-067-5-16:00-19:00,2026-08-10,16:00-19:00,FDH-067,False
SLOT-FDH-067-6-09:00-12:00,2026-08-11,09:00-12:00,FDH-067,True
SLOT-FDH-067-6-13:00-16:00,2026-08-11,13:00-16:00,FDH-067,True
SLOT-FDH-067-6-16:00-19:00,2026-08-11,16:00-19:00,FDH-067,True
SLOT-FDH-067-7-09:00-12:00,2026-08-12,09:00-12:00,FDH-067,True
SLOT-FDH-067-7-13:00-16:00,2026-08-12,13:00-16:00,FDH-067,False
SLOT-FDH-067-7-16:00-19:00,2026-08-12,16:00-19:00,FDH-067,True
SLOT-FDH-067-8-09:00-12:00,2026-08-13,09:00-12:00,FDH-067,True
SLOT-FDH-067-8-13:00-16:00,2026-08-13,13:00-16:00,FDH-067,False
SLOT-FDH-067-8-16:00-19:00,2026-08-13,16:00-19:00,FDH-067,True
SLOT-FDH-067-9-09:00-12:00,2026-08-14,09:00-12:00,FDH-067,True
SLOT-FDH-067-9-13:00-16:00,2026-08-14,13:00-16:00,FDH-067,True
SLOT-FDH-067-9-16:00-19:00,2026-08-14,16:00-19:00,FDH-067,False
SLOT-FDH-067-10-09:00-12:00,2026-08-15,09:00-12:00,FDH-067,True
SLOT-FDH-067-10-13:00-16:00,2026-08-15,13:00-16:00,FDH-067,True
SLOT-FDH-067-10-16:00-19:00,2026-08-15,16:00-19:00,FDH-067,True
SLOT-FDH-067-11-09:00-12:00,2026-08-16,09:00-12:00,FDH-067,True
SLOT-FDH-067-11-13:00-16:00,2026-08-16,13:00-16:00,FDH-067,True
SLOT-FDH-067-11-16:00-19:00,2026-08-16,16:00-19:00,FDH-067,True
SLOT-FDH-067-12-09:00-12:00,2026-08-17,09:00-12:00,FDH-067,False
SLOT-FDH-067-12-13:00-16:00,2026-08-17,13:00-16:00,FDH-067,True
SLOT-FDH-067-12-16:00-19:00,2026-08-17,16:00-19:00,FDH-067,True
SLOT-FDH-067-13-09:00-12:00,2026-08-18,09:00-12:00,FDH-067,True
SLOT-FDH-067-13-13:00-16:00,2026-08-18,13:00-16:00,FDH-067,True
SLOT-FDH-067-13-16:00-19:00,2026-08-18,16:00-19:00,FDH-067,True
SLOT-FDH-068-0-09:00-12:00,2026-08-05,09:00-12:00,FDH-068,True
SLOT-FDH-068-0-13:00-16:00,2026-08-05,13:00-16:00,FDH-068,True
SLOT-FDH-068-0-16:00-19:00,2026-08-05,16:00-19:00,FDH-068,True
SLOT-FDH-068-1-09:00-12:00,2026-08-06,09:00-12:00,FDH-068,True
SLOT-FDH-068-1-13:00-16:00,2026-08-06,13:00-16:00,FDH-068,True
SLOT-FDH-068-1-16:00-19:00,2026-08-06,16:00-19:00,FDH-068,True
SLOT-FDH-068-2-09:00-12:00,2026-08-07,09:00-12:00,FDH-068,True
SLOT-FDH-068-2-13:00-16:00,2026-08-07,13:00-16:00,FDH-068,True
SLOT-FDH-068-2-16:00-19:00,2026-08-07,16:00-19:00,FDH-068,True
SLOT-FDH-068-3-09:00-12:00,2026-08-08,09:00-12:00,FDH-068,False
SLOT-FDH-068-3-13:00-16:00,2026-08-08,13:00-16:00,FDH-068,True
SLOT-FDH-068-3-16:00-19:00,2026-08-08,16:00-19:00,FDH-068,True
SLOT-FDH-068-4-09:00-12:00,2026-08-09,09:00-12:00,FDH-068,True
SLOT-FDH-068-4-13:00-16:00,2026-08-09,13:00-16:00,FDH-068,True
SLOT-FDH-068-4-16:00-19:00,2026-08-09,16:00-19:00,FDH-068,False
SLOT-FDH-068-5-09:00-12:00,2026-08-10,09:00-12:00,FDH-068,True
SLOT-FDH-068-5-13:00-16:00,2026-08-10,13:00-16:00,FDH-068,False
SLOT-FDH-068-5-16:00-19:00,2026-08-10,16:00-19:00,FDH-068,True
SLOT-FDH-068-6-09:00-12:00,2026-08-11,09:00-12:00,FDH-068,True
SLOT-FDH-068-6-13:00-16:00,2026-08-11,13:00-16:00,FDH-068,True
SLOT-FDH-068-6-16:00-19:00,2026-08-11,16:00-19:00,FDH-068,True
SLOT-FDH-068-7-09:00-12:00,2026-08-12,09:00-12:00,FDH-068,True
SLOT-FDH-068-7-13:00-16:00,2026-08-12,13:00-16:00,FDH-068,True
SLOT-FDH-068-7-16:00-19:00,2026-08-12,16:00-19:00,FDH-068,True
SLOT-FDH-068-8-09:00-12:00,2026-08-13,09:00-12:00,FDH-068,True
SLOT-FDH-068-8-13:00-16:00,2026-08-13,13:00-16:00,FDH-068,True
SLOT-FDH-068-8-16:00-19:00,2026-08-13,16:00-19:00,FDH-068,True
SLOT-FDH-068-9-09:00-12:00,2026-08-14,09:00-12:00,FDH-068,True
SLOT-FDH-068-9-13:00-16:00,2026-08-14,13:00-16:00,FDH-068,True
SLOT-FDH-068-9-16:00-19:00,2026-08-14,16:00-19:00,FDH-068,True
SLOT-FDH-068-10-09:00-12:00,2026-08-15,09:00-12:00,FDH-068,True
SLOT-FDH-068-10-13:00-16:00,2026-08-15,13:00-16:00,FDH-068,True
SLOT-FDH-068-10-16:00-19:00,2026-08-15,16:00-19:00,FDH-068,True
SLOT-FDH-068-11-09:00-12:00,2026-08-16,09:00-12:00,FDH-068,False
SLOT-FDH-068-11-13:00-16:00,2026-08-16,13:00-16:00,FDH-068,False
SLOT-FDH-068-11-16:00-19:00,2026-08-16,16:00-19:00,FDH-068,True
SLOT-FDH-068-12-09:00-12:00,2026-08-17,09:00-12:00,FDH-068,True
SLOT-FDH-068-12-13:00-16:00,2026-08-17,13:00-16:00,FDH-068,False
SLOT-FDH-068-12-16:00-19:00,2026-08-17,16:00-19:00,FDH-068,True
SLOT-FDH-068-13-09:00-12:00,2026-08-18,09:00-12:00,FDH-068,True
SLOT-FDH-068-13-13:00-16:00,2026-08-18,13:00-16:00,FDH-068,False
SLOT-FDH-068-13-16:00-19:00,2026-08-18,16:00-19:00,FDH-068,True
SLOT-FDH-069-0-09:00-12:00,2026-08-05,09:00-12:00,FDH-069,False
SLOT-FDH-069-0-13:00-16:00,2026-08-05,13:00-16:00,FDH-069,True
SLOT-FDH-069-0-16:00-19:00,2026-08-05,16:00-19:00,FDH-069,True
SLOT-FDH-069-1-09:00-12:00,2026-08-06,09:00-12:00,FDH-069,False
SLOT-FDH-069-1-13:00-16:00,2026-08-06,13:00-16:00,FDH-069,True
SLOT-FDH-069-1-16:00-19:00,2026-08-06,16:00-19:00,FDH-069,True
SLOT-FDH-069-2-09:00-12:00,2026-08-07,09:00-12:00,FDH-069,True
SLOT-FDH-069-2-13:00-16:00,2026-08-07,13:00-16:00,FDH-069,True
SLOT-FDH-069-2-16:00-19:00,2026-08-07,16:00-19:00,FDH-069,True
SLOT-FDH-069-3-09:00-12:00,2026-08-08,09:00-12:00,FDH-069,False
SLOT-FDH-069-3-13:00-16:00,2026-08-08,13:00-16:00,FDH-069,True
SLOT-FDH-069-3-16:00-19:00,2026-08-08,16:00-19:00,FDH-069,True
SLOT-FDH-069-4-09:00-12:00,2026-08-09,09:00-12:00,FDH-069,True
SLOT-FDH-069-4-13:00-16:00,2026-08-09,13:00-16:00,FDH-069,True
SLOT-FDH-069-4-16:00-19:00,2026-08-09,16:00-19:00,FDH-069,True
SLOT-FDH-069-5-09:00-12:00,2026-08-10,09:00-12:00,FDH-069,True
SLOT-FDH-069-5-13:00-16:00,2026-08-10,13:00-16:00,FDH-069,True
SLOT-FDH-069-5-16:00-19:00,2026-08-10,16:00-19:00,FDH-069,True
SLOT-FDH-069-6-09:00-12:00,2026-08-11,09:00-12:00,FDH-069,True
SLOT-FDH-069-6-13:00-16:00,2026-08-11,13:00-16:00,FDH-069,False
SLOT-FDH-069-6-16:00-19:00,2026-08-11,16:00-19:00,FDH-069,True
SLOT-FDH-069-7-09:00-12:00,2026-08-12,09:00-12:00,FDH-069,False
SLOT-FDH-069-7-13:00-16:00,2026-08-12,13:00-16:00,FDH-069,True
SLOT-FDH-069-7-16:00-19:00,2026-08-12,16:00-19:00,FDH-069,True
SLOT-FDH-069-8-09:00-12:00,2026-08-13,09:00-12:00,FDH-069,True
SLOT-FDH-069-8-13:00-16:00,2026-08-13,13:00-16:00,FDH-069,True
SLOT-FDH-069-8-16:00-19:00,2026-08-13,16:00-19:00,FDH-069,True
SLOT-FDH-069-9-09:00-12:00,2026-08-14,09:00-12:00,FDH-069,True
SLOT-FDH-069-9-13:00-16:00,2026-08-14,13:00-16:00,FDH-069,True
SLOT-FDH-069-9-16:00-19:00,2026-08-14,16:00-19:00,FDH-069,True
SLOT-FDH-069-10-09:00-12:00,2026-08-15,09:00-12:00,FDH-069,True
SLOT-FDH-069-10-13:00-16:00,2026-08-15,13:00-16:00,FDH-069,True
SLOT-FDH-069-10-16:00-19:00,2026-08-15,16:00-19:00,FDH-069,True
SLOT-FDH-069-11-09:00-12:00,2026-08-16,09:00-12:00,FDH-069,True
SLOT-FDH-069-11-13:00-16:00,2026-08-16,13:00-16:00,FDH-069,True
SLOT-FDH-069-11-16:00-19:00,2026-08-16,16:00-19:00,FDH-069,True
SLOT-FDH-069-12-09:00-12:00,2026-08-17,09:00-12:00,FDH-069,True
SLOT-FDH-069-12-13:00-16:00,2026-08-17,13:00-16:00,FDH-069,True
SLOT-FDH-069-12-16:00-19:00,2026-08-17,16:00-19:00,FDH-069,True
SLOT-FDH-069-13-09:00-12:00,2026-08-18,09:00-12:00,FDH-069,True
SLOT-FDH-069-13-13:00-16:00,2026-08-18,13:00-16:00,FDH-069,True
SLOT-FDH-069-13-16:00-19:00,2026-08-18,16:00-19:00,FDH-069,True
SLOT-FDH-070-0-09:00-12:00,2026-08-05,09:00-12:00,FDH-070,True
SLOT-FDH-070-0-13:00-16:00,2026-08-05,13:00-16:00,FDH-070,False
SLOT-FDH-070-0-16:00-19:00,2026-08-05,16:00-19:00,FDH-070,False
SLOT-FDH-070-1-09:00-12:00,2026-08-06,09:00-12:00,FDH-070,True
SLOT-FDH-070-1-13:00-16:00,2026-08-06,13:00-16:00,FDH-070,True
SLOT-FDH-070-1-16:00-19:00,2026-08-06,16:00-19:00,FDH-070,True
SLOT-FDH-070-2-09:00-12:00,2026-08-07,09:00-12:00,FDH-070,True
SLOT-FDH-070-2-13:00-16:00,2026-08-07,13:00-16:00,FDH-070,True
SLOT-FDH-070-2-16:00-19:00,2026-08-07,16:00-19:00,FDH-070,True
SLOT-FDH-070-3-09:00-12:00,2026-08-08,09:00-12:00,FDH-070,True
SLOT-FDH-070-3-13:00-16:00,2026-08-08,13:00-16:00,FDH-070,False
SLOT-FDH-070-3-16:00-19:00,2026-08-08,16:00-19:00,FDH-070,True
SLOT-FDH-070-4-09:00-12:00,2026-08-09,09:00-12:00,FDH-070,True
SLOT-FDH-070-4-13:00-16:00,2026-08-09,13:00-16:00,FDH-070,True
SLOT-FDH-070-4-16:00-19:00,2026-08-09,16:00-19:00,FDH-070,True
SLOT-FDH-070-5-09:00-12:00,2026-08-10,09:00-12:00,FDH-070,True
SLOT-FDH-070-5-13:00-16:00,2026-08-10,13:00-16:00,FDH-070,True
SLOT-FDH-070-5-16:00-19:00,2026-08-10,16:00-19:00,FDH-070,True
SLOT-FDH-070-6-09:00-12:00,2026-08-11,09:00-12:00,FDH-070,True
SLOT-FDH-070-6-13:00-16:00,2026-08-11,13:00-16:00,FDH-070,True
SLOT-FDH-070-6-16:00-19:00,2026-08-11,16:00-19:00,FDH-070,True
SLOT-FDH-070-7-09:00-12:00,2026-08-12,09:00-12:00,FDH-070,True
SLOT-FDH-070-7-13:00-16:00,2026-08-12,13:00-16:00,FDH-070,True
SLOT-FDH-070-7-16:00-19:00,2026-08-12,16:00-19:00,FDH-070,True
SLOT-FDH-070-8-09:00-12:00,2026-08-13,09:00-12:00,FDH-070,True
SLOT-FDH-070-8-13:00-16:00,2026-08-13,13:00-16:00,FDH-070,False
SLOT-FDH-070-8-16:00-19:00,2026-08-13,16:00-19:00,FDH-070,True
SLOT-FDH-070-9-09:00-12:00,2026-08-14,09:00-12:00,FDH-070,True
SLOT-FDH-070-9-13:00-16:00,2026-08-14,13:00-16:00,FDH-070,True
SLOT-FDH-070-9-16:00-19:00,2026-08-14,16:00-19:00,FDH-070,True
SLOT-FDH-070-10-09:00-12:00,2026-08-15,09:00-12:00,FDH-070,True
SLOT-FDH-070-10-13:00-16:00,2026-08-15,13:00-16:00,FDH-070,True
SLOT-FDH-070-10-16:00-19:00,2026-08-15,16:00-19:00,FDH-070,False
SLOT-FDH-070-11-09:00-12:00,2026-08-16,09:00-12:00,FDH-070,True
SLOT-FDH-070-11-13:00-16:00,2026-08-16,13:00-16:00,FDH-070,True
SLOT-FDH-070-11-16:00-19:00,2026-08-16,16:00-19:00,FDH-070,False
SLOT-FDH-070-12-09:00-12:00,2026-08-17,09:00-12:00,FDH-070,True
SLOT-FDH-070-12-13:00-16:00,2026-08-17,13:00-16:00,FDH-070,False
SLOT-FDH-070-12-16:00-19:00,2026-08-17,16:00-19:00,FDH-070,True
SLOT-FDH-070-13-09:00-12:00,2026-08-18,09:00-12:00,FDH-070,True
SLOT-FDH-070-13-13:00-16:00,2026-08-18,13:00-16:00,FDH-070,True
SLOT-FDH-070-13-16:00-19:00,2026-08-18,16:00-19:00,FDH-070,True
SLOT-FDH-071-0-09:00-12:00,2026-08-05,09:00-12:00,FDH-071,True
SLOT-FDH-071-0-13:00-16:00,2026-08-05,13:00-16:00,FDH-071,True
SLOT-FDH-071-0-16:00-19:00,2026-08-05,16:00-19:00,FDH-071,True
SLOT-FDH-071-1-09:00-12:00,2026-08-06,09:00-12:00,FDH-071,False
SLOT-FDH-071-1-13:00-16:00,2026-08-06,13:00-16:00,FDH-071,True
SLOT-FDH-071-1-16:00-19:00,2026-08-06,16:00-19:00,FDH-071,False
SLOT-FDH-071-2-09:00-12:00,2026-08-07,09:00-12:00,FDH-071,False
SLOT-FDH-071-2-13:00-16:00,2026-08-07,13:00-16:00,FDH-071,True
SLOT-FDH-071-2-16:00-19:00,2026-08-07,16:00-19:00,FDH-071,True
SLOT-FDH-071-3-09:00-12:00,2026-08-08,09:00-12:00,FDH-071,True
SLOT-FDH-071-3-13:00-16:00,2026-08-08,13:00-16:00,FDH-071,True
SLOT-FDH-071-3-16:00-19:00,2026-08-08,16:00-19:00,FDH-071,True
SLOT-FDH-071-4-09:00-12:00,2026-08-09,09:00-12:00,FDH-071,True
SLOT-FDH-071-4-13:00-16:00,2026-08-09,13:00-16:00,FDH-071,True
SLOT-FDH-071-4-16:00-19:00,2026-08-09,16:00-19:00,FDH-071,True
SLOT-FDH-071-5-09:00-12:00,2026-08-10,09:00-12:00,FDH-071,True
SLOT-FDH-071-5-13:00-16:00,2026-08-10,13:00-16:00,FDH-071,False
SLOT-FDH-071-5-16:00-19:00,2026-08-10,16:00-19:00,FDH-071,True
SLOT-FDH-071-6-09:00-12:00,2026-08-11,09:00-12:00,FDH-071,True
SLOT-FDH-071-6-13:00-16:00,2026-08-11,13:00-16:00,FDH-071,True
SLOT-FDH-071-6-16:00-19:00,2026-08-11,16:00-19:00,FDH-071,False
SLOT-FDH-071-7-09:00-12:00,2026-08-12,09:00-12:00,FDH-071,True
SLOT-FDH-071-7-13:00-16:00,2026-08-12,13:00-16:00,FDH-071,False
SLOT-FDH-071-7-16:00-19:00,2026-08-12,16:00-19:00,FDH-071,True
SLOT-FDH-071-8-09:00-12:00,2026-08-13,09:00-12:00,FDH-071,True
SLOT-FDH-071-8-13:00-16:00,2026-08-13,13:00-16:00,FDH-071,True
SLOT-FDH-071-8-16:00-19:00,2026-08-13,16:00-19:00,FDH-071,True
SLOT-FDH-071-9-09:00-12:00,2026-08-14,09:00-12:00,FDH-071,True
SLOT-FDH-071-9-13:00-16:00,2026-08-14,13:00-16:00,FDH-071,True
SLOT-FDH-071-9-16:00-19:00,2026-08-14,16:00-19:00,FDH-071,True
SLOT-FDH-071-10-09:00-12:00,2026-08-15,09:00-12:00,FDH-071,True
SLOT-FDH-071-10-13:00-16:00,2026-08-15,13:00-16:00,FDH-071,False
SLOT-FDH-071-10-16:00-19:00,2026-08-15,16:00-19:00,FDH-071,True
SLOT-FDH-071-11-09:00-12:00,2026-08-16,09:00-12:00,FDH-071,True
SLOT-FDH-071-11-13:00-16:00,2026-08-16,13:00-16:00,FDH-071,False
SLOT-FDH-071-11-16:00-19:00,2026-08-16,16:00-19:00,FDH-071,True
SLOT-FDH-071-12-09:00-12:00,2026-08-17,09:00-12:00,FDH-071,False
SLOT-FDH-071-12-13:00-16:00,2026-08-17,13:00-16:00,FDH-071,True
SLOT-FDH-071-12-16:00-19:00,2026-08-17,16:00-19:00,FDH-071,True
SLOT-FDH-071-13-09:00-12:00,2026-08-18,09:00-12:00,FDH-071,True
SLOT-FDH-071-13-13:00-16:00,2026-08-18,13:00-16:00,FDH-071,True
SLOT-FDH-071-13-16:00-19:00,2026-08-18,16:00-19:00,FDH-071,True
SLOT-FDH-072-0-09:00-12:00,2026-08-05,09:00-12:00,FDH-072,True
SLOT-FDH-072-0-13:00-16:00,2026-08-05,13:00-16:00,FDH-072,False
SLOT-FDH-072-0-16:00-19:00,2026-08-05,16:00-19:00,FDH-072,True
SLOT-FDH-072-1-09:00-12:00,2026-08-06,09:00-12:00,FDH-072,True
SLOT-FDH-072-1-13:00-16:00,2026-08-06,13:00-16:00,FDH-072,True
SLOT-FDH-072-1-16:00-19:00,2026-08-06,16:00-19:00,FDH-072,True
SLOT-FDH-072-2-09:00-12:00,2026-08-07,09:00-12:00,FDH-072,True
SLOT-FDH-072-2-13:00-16:00,2026-08-07,13:00-16:00,FDH-072,True
SLOT-FDH-072-2-16:00-19:00,2026-08-07,16:00-19:00,FDH-072,True
SLOT-FDH-072-3-09:00-12:00,2026-08-08,09:00-12:00,FDH-072,True
SLOT-FDH-072-3-13:00-16:00,2026-08-08,13:00-16:00,FDH-072,True
SLOT-FDH-072-3-16:00-19:00,2026-08-08,16:00-19:00,FDH-072,False
SLOT-FDH-072-4-09:00-12:00,2026-08-09,09:00-12:00,FDH-072,True
SLOT-FDH-072-4-13:00-16:00,2026-08-09,13:00-16:00,FDH-072,False
SLOT-FDH-072-4-16:00-19:00,2026-08-09,16:00-19:00,FDH-072,False
SLOT-FDH-072-5-09:00-12:00,2026-08-10,09:00-12:00,FDH-072,True
SLOT-FDH-072-5-13:00-16:00,2026-08-10,13:00-16:00,FDH-072,True
SLOT-FDH-072-5-16:00-19:00,2026-08-10,16:00-19:00,FDH-072,False
SLOT-FDH-072-6-09:00-12:00,2026-08-11,09:00-12:00,FDH-072,False
SLOT-FDH-072-6-13:00-16:00,2026-08-11,13:00-16:00,FDH-072,True
SLOT-FDH-072-6-16:00-19:00,2026-08-11,16:00-19:00,FDH-072,True
SLOT-FDH-072-7-09:00-12:00,2026-08-12,09:00-12:00,FDH-072,True
SLOT-FDH-072-7-13:00-16:00,2026-08-12,13:00-16:00,FDH-072,True
SLOT-FDH-072-7-16:00-19:00,2026-08-12,16:00-19:00,FDH-072,True
SLOT-FDH-072-8-09:00-12:00,2026-08-13,09:00-12:00,FDH-072,True
SLOT-FDH-072-8-13:00-16:00,2026-08-13,13:00-16:00,FDH-072,True
SLOT-FDH-072-8-16:00-19:00,2026-08-13,16:00-19:00,FDH-072,True
SLOT-FDH-072-9-09:00-12:00,2026-08-14,09:00-12:00,FDH-072,False
SLOT-FDH-072-9-13:00-16:00,2026-08-14,13:00-16:00,FDH-072,True
SLOT-FDH-072-9-16:00-19:00,2026-08-14,16:00-19:00,FDH-072,True
SLOT-FDH-072-10-09:00-12:00,2026-08-15,09:00-12:00,FDH-072,True
SLOT-FDH-072-10-13:00-16:00,2026-08-15,13:00-16:00,FDH-072,True
SLOT-FDH-072-10-16:00-19:00,2026-08-15,16:00-19:00,FDH-072,True
SLOT-FDH-072-11-09:00-12:00,2026-08-16,09:00-12:00,FDH-072,True
SLOT-FDH-072-11-13:00-16:00,2026-08-16,13:00-16:00,FDH-072,True
SLOT-FDH-072-11-16:00-19:00,2026-08-16,16:00-19:00,FDH-072,True
SLOT-FDH-072-12-09:00-12:00,2026-08-17,09:00-12:00,FDH-072,False
SLOT-FDH-072-12-13:00-16:00,2026-08-17,13:00-16:00,FDH-072,False
SLOT-FDH-072-12-16:00-19:00,2026-08-17,16:00-19:00,FDH-072,True
SLOT-FDH-072-13-09:00-12:00,2026-08-18,09:00-12:00,FDH-072,True
SLOT-FDH-072-13-13:00-16:00,2026-08-18,13:00-16:00,FDH-072,True
SLOT-FDH-072-13-16:00-19:00,2026-08-18,16:00-19:00,FDH-072,True
SLOT-FDH-073-0-09:00-12:00,2026-08-05,09:00-12:00,FDH-073,True
SLOT-FDH-073-0-13:00-16:00,2026-08-05,13:00-16:00,FDH-073,True
SLOT-FDH-073-0-16:00-19:00,2026-08-05,16:00-19:00,FDH-073,True
SLOT-FDH-073-1-09:00-12:00,2026-08-06,09:00-12:00,FDH-073,True
SLOT-FDH-073-1-13:00-16:00,2026-08-06,13:00-16:00,FDH-073,True
SLOT-FDH-073-1-16:00-19:00,2026-08-06,16:00-19:00,FDH-073,True
SLOT-FDH-073-2-09:00-12:00,2026-08-07,09:00-12:00,FDH-073,True
SLOT-FDH-073-2-13:00-16:00,2026-08-07,13:00-16:00,FDH-073,True
SLOT-FDH-073-2-16:00-19:00,2026-08-07,16:00-19:00,FDH-073,True
SLOT-FDH-073-3-09:00-12:00,2026-08-08,09:00-12:00,FDH-073,False
SLOT-FDH-073-3-13:00-16:00,2026-08-08,13:00-16:00,FDH-073,False
SLOT-FDH-073-3-16:00-19:00,2026-08-08,16:00-19:00,FDH-073,True
SLOT-FDH-073-4-09:00-12:00,2026-08-09,09:00-12:00,FDH-073,True
SLOT-FDH-073-4-13:00-16:00,2026-08-09,13:00-16:00,FDH-073,True
SLOT-FDH-073-4-16:00-19:00,2026-08-09,16:00-19:00,FDH-073,True
SLOT-FDH-073-5-09:00-12:00,2026-08-10,09:00-12:00,FDH-073,False
SLOT-FDH-073-5-13:00-16:00,2026-08-10,13:00-16:00,FDH-073,True
SLOT-FDH-073-5-16:00-19:00,2026-08-10,16:00-19:00,FDH-073,True
SLOT-FDH-073-6-09:00-12:00,2026-08-11,09:00-12:00,FDH-073,True
SLOT-FDH-073-6-13:00-16:00,2026-08-11,13:00-16:00,FDH-073,False
SLOT-FDH-073-6-16:00-19:00,2026-08-11,16:00-19:00,FDH-073,True
SLOT-FDH-073-7-09:00-12:00,2026-08-12,09:00-12:00,FDH-073,True
SLOT-FDH-073-7-13:00-16:00,2026-08-12,13:00-16:00,FDH-073,True
SLOT-FDH-073-7-16:00-19:00,2026-08-12,16:00-19:00,FDH-073,False
SLOT-FDH-073-8-09:00-12:00,2026-08-13,09:00-12:00,FDH-073,True
SLOT-FDH-073-8-13:00-16:00,2026-08-13,13:00-16:00,FDH-073,True
SLOT-FDH-073-8-16:00-19:00,2026-08-13,16:00-19:00,FDH-073,True
SLOT-FDH-073-9-09:00-12:00,2026-08-14,09:00-12:00,FDH-073,True
SLOT-FDH-073-9-13:00-16:00,2026-08-14,13:00-16:00,FDH-073,True
SLOT-FDH-073-9-16:00-19:00,2026-08-14,16:00-19:00,FDH-073,True
SLOT-FDH-073-10-09:00-12:00,2026-08-15,09:00-12:00,FDH-073,True
SLOT-FDH-073-10-13:00-16:00,2026-08-15,13:00-16:00,FDH-073,True
SLOT-FDH-073-10-16:00-19:00,2026-08-15,16:00-19:00,FDH-073,True
SLOT-FDH-073-11-09:00-12:00,2026-08-16,09:00-12:00,FDH-073,False
SLOT-FDH-073-11-13:00-16:00,2026-08-16,13:00-16:00,FDH-073,False
SLOT-FDH-073-11-16:00-19:00,2026-08-16,16:00-19:00,FDH-073,True
SLOT-FDH-073-12-09:00-12:00,2026-08-17,09:00-12:00,FDH-073,False
SLOT-FDH-073-12-13:00-16:00,2026-08-17,13:00-16:00,FDH-073,True
SLOT-FDH-073-12-16:00-19:00,2026-08-17,16:00-19:00,FDH-073,False
SLOT-FDH-073-13-09:00-12:00,2026-08-18,09:00-12:00,FDH-073,True
SLOT-FDH-073-13-13:00-16:00,2026-08-18,13:00-16:00,FDH-073,True
SLOT-FDH-073-13-16:00-19:00,2026-08-18,16:00-19:00,FDH-073,False
SLOT-FDH-074-0-09:00-12:00,2026-08-05,09:00-12:00,FDH-074,True
SLOT-FDH-074-0-13:00-16:00,2026-08-05,13:00-16:00,FDH-074,True
SLOT-FDH-074-0-16:00-19:00,2026-08-05,16:00-19:00,FDH-074,True
SLOT-FDH-074-1-09:00-12:00,2026-08-06,09:00-12:00,FDH-074,True
SLOT-FDH-074-1-13:00-16:00,2026-08-06,13:00-16:00,FDH-074,True
SLOT-FDH-074-1-16:00-19:00,2026-08-06,16:00-19:00,FDH-074,True
SLOT-FDH-074-2-09:00-12:00,2026-08-07,09:00-12:00,FDH-074,True
SLOT-FDH-074-2-13:00-16:00,2026-08-07,13:00-16:00,FDH-074,True
SLOT-FDH-074-2-16:00-19:00,2026-08-07,16:00-19:00,FDH-074,True
SLOT-FDH-074-3-09:00-12:00,2026-08-08,09:00-12:00,FDH-074,True
SLOT-FDH-074-3-13:00-16:00,2026-08-08,13:00-16:00,FDH-074,True
SLOT-FDH-074-3-16:00-19:00,2026-08-08,16:00-19:00,FDH-074,True
SLOT-FDH-074-4-09:00-12:00,2026-08-09,09:00-12:00,FDH-074,True
SLOT-FDH-074-4-13:00-16:00,2026-08-09,13:00-16:00,FDH-074,True
SLOT-FDH-074-4-16:00-19:00,2026-08-09,16:00-19:00,FDH-074,False
SLOT-FDH-074-5-09:00-12:00,2026-08-10,09:00-12:00,FDH-074,True
SLOT-FDH-074-5-13:00-16:00,2026-08-10,13:00-16:00,FDH-074,True
SLOT-FDH-074-5-16:00-19:00,2026-08-10,16:00-19:00,FDH-074,True
SLOT-FDH-074-6-09:00-12:00,2026-08-11,09:00-12:00,FDH-074,True
SLOT-FDH-074-6-13:00-16:00,2026-08-11,13:00-16:00,FDH-074,True
SLOT-FDH-074-6-16:00-19:00,2026-08-11,16:00-19:00,FDH-074,False
SLOT-FDH-074-7-09:00-12:00,2026-08-12,09:00-12:00,FDH-074,True
SLOT-FDH-074-7-13:00-16:00,2026-08-12,13:00-16:00,FDH-074,True
SLOT-FDH-074-7-16:00-19:00,2026-08-12,16:00-19:00,FDH-074,True
SLOT-FDH-074-8-09:00-12:00,2026-08-13,09:00-12:00,FDH-074,True
SLOT-FDH-074-8-13:00-16:00,2026-08-13,13:00-16:00,FDH-074,True
SLOT-FDH-074-8-16:00-19:00,2026-08-13,16:00-19:00,FDH-074,True
SLOT-FDH-074-9-09:00-12:00,2026-08-14,09:00-12:00,FDH-074,True
SLOT-FDH-074-9-13:00-16:00,2026-08-14,13:00-16:00,FDH-074,True
SLOT-FDH-074-9-16:00-19:00,2026-08-14,16:00-19:00,FDH-074,True
SLOT-FDH-074-10-09:00-12:00,2026-08-15,09:00-12:00,FDH-074,False
SLOT-FDH-074-10-13:00-16:00,2026-08-15,13:00-16:00,FDH-074,True
SLOT-FDH-074-10-16:00-19:00,2026-08-15,16:00-19:00,FDH-074,True
SLOT-FDH-074-11-09:00-12:00,2026-08-16,09:00-12:00,FDH-074,True
SLOT-FDH-074-11-13:00-16:00,2026-08-16,13:00-16:00,FDH-074,True
SLOT-FDH-074-11-16:00-19:00,2026-08-16,16:00-19:00,FDH-074,True
SLOT-FDH-074-12-09:00-12:00,2026-08-17,09:00-12:00,FDH-074,True
SLOT-FDH-074-12-13:00-16:00,2026-08-17,13:00-16:00,FDH-074,True
SLOT-FDH-074-12-16:00-19:00,2026-08-17,16:00-19:00,FDH-074,True
SLOT-FDH-074-13-09:00-12:00,2026-08-18,09:00-12:00,FDH-074,True
SLOT-FDH-074-13-13:00-16:00,2026-08-18,13:00-16:00,FDH-074,False
SLOT-FDH-074-13-16:00-19:00,2026-08-18,16:00-19:00,FDH-074,True
SLOT-FDH-075-0-09:00-12:00,2026-08-05,09:00-12:00,FDH-075,True
SLOT-FDH-075-0-13:00-16:00,2026-08-05,13:00-16:00,FDH-075,True
SLOT-FDH-075-0-16:00-19:00,2026-08-05,16:00-19:00,FDH-075,True
SLOT-FDH-075-1-09:00-12:00,2026-08-06,09:00-12:00,FDH-075,True
SLOT-FDH-075-1-13:00-16:00,2026-08-06,13:00-16:00,FDH-075,True
SLOT-FDH-075-1-16:00-19:00,2026-08-06,16:00-19:00,FDH-075,True
SLOT-FDH-075-2-09:00-12:00,2026-08-07,09:00-12:00,FDH-075,True
SLOT-FDH-075-2-13:00-16:00,2026-08-07,13:00-16:00,FDH-075,True
SLOT-FDH-075-2-16:00-19:00,2026-08-07,16:00-19:00,FDH-075,True
SLOT-FDH-075-3-09:00-12:00,2026-08-08,09:00-12:00,FDH-075,False
SLOT-FDH-075-3-13:00-16:00,2026-08-08,13:00-16:00,FDH-075,True
SLOT-FDH-075-3-16:00-19:00,2026-08-08,16:00-19:00,FDH-075,True
SLOT-FDH-075-4-09:00-12:00,2026-08-09,09:00-12:00,FDH-075,True
SLOT-FDH-075-4-13:00-16:00,2026-08-09,13:00-16:00,FDH-075,False
SLOT-FDH-075-4-16:00-19:00,2026-08-09,16:00-19:00,FDH-075,True
SLOT-FDH-075-5-09:00-12:00,2026-08-10,09:00-12:00,FDH-075,True
SLOT-FDH-075-5-13:00-16:00,2026-08-10,13:00-16:00,FDH-075,False
SLOT-FDH-075-5-16:00-19:00,2026-08-10,16:00-19:00,FDH-075,True
SLOT-FDH-075-6-09:00-12:00,2026-08-11,09:00-12:00,FDH-075,True
SLOT-FDH-075-6-13:00-16:00,2026-08-11,13:00-16:00,FDH-075,True
SLOT-FDH-075-6-16:00-19:00,2026-08-11,16:00-19:00,FDH-075,True
SLOT-FDH-075-7-09:00-12:00,2026-08-12,09:00-12:00,FDH-075,True
SLOT-FDH-075-7-13:00-16:00,2026-08-12,13:00-16:00,FDH-075,True
SLOT-FDH-075-7-16:00-19:00,2026-08-12,16:00-19:00,FDH-075,True
SLOT-FDH-075-8-09:00-12:00,2026-08-13,09:00-12:00,FDH-075,True
SLOT-FDH-075-8-13:00-16:00,2026-08-13,13:00-16:00,FDH-075,True
SLOT-FDH-075-8-16:00-19:00,2026-08-13,16:00-19:00,FDH-075,True
SLOT-FDH-075-9-09:00-12:00,2026-08-14,09:00-12:00,FDH-075,True
SLOT-FDH-075-9-13:00-16:00,2026-08-14,13:00-16:00,FDH-075,True
SLOT-FDH-075-9-16:00-19:00,2026-08-14,16:00-19:00,FDH-075,True
SLOT-FDH-075-10-09:00-12:00,2026-08-15,09:00-12:00,FDH-075,True
SLOT-FDH-075-10-13:00-16:00,2026-08-15,13:00-16:00,FDH-075,True
SLOT-FDH-075-10-16:00-19:00,2026-08-15,16:00-19:00,FDH-075,False
SLOT-FDH-075-11-09:00-12:00,2026-08-16,09:00-12:00,FDH-075,True
SLOT-FDH-075-11-13:00-16:00,2026-08-16,13:00-16:00,FDH-075,True
SLOT-FDH-075-11-16:00-19:00,2026-08-16,16:00-19:00,FDH-075,True
SLOT-FDH-075-12-09:00-12:00,2026-08-17,09:00-12:00,FDH-075,False
SLOT-FDH-075-12-13:00-16:00,2026-08-17,13:00-16:00,FDH-075,True
SLOT-FDH-075-12-16:00-19:00,2026-08-17,16:00-19:00,FDH-075,True
SLOT-FDH-075-13-09:00-12:00,2026-08-18,09:00-12:00,FDH-075,True
SLOT-FDH-075-13-13:00-16:00,2026-08-18,13:00-16:00,FDH-075,True
SLOT-FDH-075-13-16:00-19:00,2026-08-18,16:00-19:00,FDH-075,True
SLOT-FDH-076-0-09:00-12:00,2026-08-05,09:00-12:00,FDH-076,True
SLOT-FDH-076-0-13:00-16:00,2026-08-05,13:00-16:00,FDH-076,True
SLOT-FDH-076-0-16:00-19:00,2026-08-05,16:00-19:00,FDH-076,True
SLOT-FDH-076-1-09:00-12:00,2026-08-06,09:00-12:00,FDH-076,True
SLOT-FDH-076-1-13:00-16:00,2026-08-06,13:00-16:00,FDH-076,True
SLOT-FDH-076-1-16:00-19:00,2026-08-06,16:00-19:00,FDH-076,True
SLOT-FDH-076-2-09:00-12:00,2026-08-07,09:00-12:00,FDH-076,True
SLOT-FDH-076-2-13:00-16:00,2026-08-07,13:00-16:00,FDH-076,True
SLOT-FDH-076-2-16:00-19:00,2026-08-07,16:00-19:00,FDH-076,True
SLOT-FDH-076-3-09:00-12:00,2026-08-08,09:00-12:00,FDH-076,True
SLOT-FDH-076-3-13:00-16:00,2026-08-08,13:00-16:00,FDH-076,True
SLOT-FDH-076-3-16:00-19:00,2026-08-08,16:00-19:00,FDH-076,True
SLOT-FDH-076-4-09:00-12:00,2026-08-09,09:00-12:00,FDH-076,False
SLOT-FDH-076-4-13:00-16:00,2026-08-09,13:00-16:00,FDH-076,True
SLOT-FDH-076-4-16:00-19:00,2026-08-09,16:00-19:00,FDH-076,True
SLOT-FDH-076-5-09:00-12:00,2026-08-10,09:00-12:00,FDH-076,True
SLOT-FDH-076-5-13:00-16:00,2026-08-10,13:00-16:00,FDH-076,True
SLOT-FDH-076-5-16:00-19:00,2026-08-10,16:00-19:00,FDH-076,False
SLOT-FDH-076-6-09:00-12:00,2026-08-11,09:00-12:00,FDH-076,True
SLOT-FDH-076-6-13:00-16:00,2026-08-11,13:00-16:00,FDH-076,False
SLOT-FDH-076-6-16:00-19:00,2026-08-11,16:00-19:00,FDH-076,True
SLOT-FDH-076-7-09:00-12:00,2026-08-12,09:00-12:00,FDH-076,True
SLOT-FDH-076-7-13:00-16:00,2026-08-12,13:00-16:00,FDH-076,True
SLOT-FDH-076-7-16:00-19:00,2026-08-12,16:00-19:00,FDH-076,True
SLOT-FDH-076-8-09:00-12:00,2026-08-13,09:00-12:00,FDH-076,True
SLOT-FDH-076-8-13:00-16:00,2026-08-13,13:00-16:00,FDH-076,True
SLOT-FDH-076-8-16:00-19:00,2026-08-13,16:00-19:00,FDH-076,True
SLOT-FDH-076-9-09:00-12:00,2026-08-14,09:00-12:00,FDH-076,True
SLOT-FDH-076-9-13:00-16:00,2026-08-14,13:00-16:00,FDH-076,True
SLOT-FDH-076-9-16:00-19:00,2026-08-14,16:00-19:00,FDH-076,True
SLOT-FDH-076-10-09:00-12:00,2026-08-15,09:00-12:00,FDH-076,False
SLOT-FDH-076-10-13:00-16:00,2026-08-15,13:00-16:00,FDH-076,True
SLOT-FDH-076-10-16:00-19:00,2026-08-15,16:00-19:00,FDH-076,True
SLOT-FDH-076-11-09:00-12:00,2026-08-16,09:00-12:00,FDH-076,True
SLOT-FDH-076-11-13:00-16:00,2026-08-16,13:00-16:00,FDH-076,True
SLOT-FDH-076-11-16:00-19:00,2026-08-16,16:00-19:00,FDH-076,True
SLOT-FDH-076-12-09:00-12:00,2026-08-17,09:00-12:00,FDH-076,False
SLOT-FDH-076-12-13:00-16:00,2026-08-17,13:00-16:00,FDH-076,True
SLOT-FDH-076-12-16:00-19:00,2026-08-17,16:00-19:00,FDH-076,True
SLOT-FDH-076-13-09:00-12:00,2026-08-18,09:00-12:00,FDH-076,False
SLOT-FDH-076-13-13:00-16:00,2026-08-18,13:00-16:00,FDH-076,True
SLOT-FDH-076-13-16:00-19:00,2026-08-18,16:00-19:00,FDH-076,False
SLOT-FDH-077-0-09:00-12:00,2026-08-05,09:00-12:00,FDH-077,True
SLOT-FDH-077-0-13:00-16:00,2026-08-05,13:00-16:00,FDH-077,True
SLOT-FDH-077-0-16:00-19:00,2026-08-05,16:00-19:00,FDH-077,True
SLOT-FDH-077-1-09:00-12:00,2026-08-06,09:00-12:00,FDH-077,True
SLOT-FDH-077-1-13:00-16:00,2026-08-06,13:00-16:00,FDH-077,False
SLOT-FDH-077-1-16:00-19:00,2026-08-06,16:00-19:00,FDH-077,True
SLOT-FDH-077-2-09:00-12:00,2026-08-07,09:00-12:00,FDH-077,True
SLOT-FDH-077-2-13:00-16:00,2026-08-07,13:00-16:00,FDH-077,True
SLOT-FDH-077-2-16:00-19:00,2026-08-07,16:00-19:00,FDH-077,False
SLOT-FDH-077-3-09:00-12:00,2026-08-08,09:00-12:00,FDH-077,True
SLOT-FDH-077-3-13:00-16:00,2026-08-08,13:00-16:00,FDH-077,True
SLOT-FDH-077-3-16:00-19:00,2026-08-08,16:00-19:00,FDH-077,True
SLOT-FDH-077-4-09:00-12:00,2026-08-09,09:00-12:00,FDH-077,True
SLOT-FDH-077-4-13:00-16:00,2026-08-09,13:00-16:00,FDH-077,True
SLOT-FDH-077-4-16:00-19:00,2026-08-09,16:00-19:00,FDH-077,True
SLOT-FDH-077-5-09:00-12:00,2026-08-10,09:00-12:00,FDH-077,True
SLOT-FDH-077-5-13:00-16:00,2026-08-10,13:00-16:00,FDH-077,True
SLOT-FDH-077-5-16:00-19:00,2026-08-10,16:00-19:00,FDH-077,False
SLOT-FDH-077-6-09:00-12:00,2026-08-11,09:00-12:00,FDH-077,True
SLOT-FDH-077-6-13:00-16:00,2026-08-11,13:00-16:00,FDH-077,True
SLOT-FDH-077-6-16:00-19:00,2026-08-11,16:00-19:00,FDH-077,False
SLOT-FDH-077-7-09:00-12:00,2026-08-12,09:00-12:00,FDH-077,True
SLOT-FDH-077-7-13:00-16:00,2026-08-12,13:00-16:00,FDH-077,True
SLOT-FDH-077-7-16:00-19:00,2026-08-12,16:00-19:00,FDH-077,True
SLOT-FDH-077-8-09:00-12:00,2026-08-13,09:00-12:00,FDH-077,True
SLOT-FDH-077-8-13:00-16:00,2026-08-13,13:00-16:00,FDH-077,True
SLOT-FDH-077-8-16:00-19:00,2026-08-13,16:00-19:00,FDH-077,False
SLOT-FDH-077-9-09:00-12:00,2026-08-14,09:00-12:00,FDH-077,True
SLOT-FDH-077-9-13:00-16:00,2026-08-14,13:00-16:00,FDH-077,True
SLOT-FDH-077-9-16:00-19:00,2026-08-14,16:00-19:00,FDH-077,True
SLOT-FDH-077-10-09:00-12:00,2026-08-15,09:00-12:00,FDH-077,False
SLOT-FDH-077-10-13:00-16:00,2026-08-15,13:00-16:00,FDH-077,True
SLOT-FDH-077-10-16:00-19:00,2026-08-15,16:00-19:00,FDH-077,True
SLOT-FDH-077-11-09:00-12:00,2026-08-16,09:00-12:00,FDH-077,True
SLOT-FDH-077-11-13:00-16:00,2026-08-16,13:00-16:00,FDH-077,False
SLOT-FDH-077-11-16:00-19:00,2026-08-16,16:00-19:00,FDH-077,False
SLOT-FDH-077-12-09:00-12:00,2026-08-17,09:00-12:00,FDH-077,False
SLOT-FDH-077-12-13:00-16:00,2026-08-17,13:00-16:00,FDH-077,False
SLOT-FDH-077-12-16:00-19:00,2026-08-17,16:00-19:00,FDH-077,True
SLOT-FDH-077-13-09:00-12:00,2026-08-18,09:00-12:00,FDH-077,True
SLOT-FDH-077-13-13:00-16:00,2026-08-18,13:00-16:00,FDH-077,True
SLOT-FDH-077-13-16:00-19:00,2026-08-18,16:00-19:00,FDH-077,True
SLOT-FDH-078-0-09:00-12:00,2026-08-05,09:00-12:00,FDH-078,False
SLOT-FDH-078-0-13:00-16:00,2026-08-05,13:00-16:00,FDH-078,True
SLOT-FDH-078-0-16:00-19:00,2026-08-05,16:00-19:00,FDH-078,True
SLOT-FDH-078-1-09:00-12:00,2026-08-06,09:00-12:00,FDH-078,True
SLOT-FDH-078-1-13:00-16:00,2026-08-06,13:00-16:00,FDH-078,True
SLOT-FDH-078-1-16:00-19:00,2026-08-06,16:00-19:00,FDH-078,False
SLOT-FDH-078-2-09:00-12:00,2026-08-07,09:00-12:00,FDH-078,True
SLOT-FDH-078-2-13:00-16:00,2026-08-07,13:00-16:00,FDH-078,True
SLOT-FDH-078-2-16:00-19:00,2026-08-07,16:00-19:00,FDH-078,False
SLOT-FDH-078-3-09:00-12:00,2026-08-08,09:00-12:00,FDH-078,True
SLOT-FDH-078-3-13:00-16:00,2026-08-08,13:00-16:00,FDH-078,False
SLOT-FDH-078-3-16:00-19:00,2026-08-08,16:00-19:00,FDH-078,True
SLOT-FDH-078-4-09:00-12:00,2026-08-09,09:00-12:00,FDH-078,True
SLOT-FDH-078-4-13:00-16:00,2026-08-09,13:00-16:00,FDH-078,True
SLOT-FDH-078-4-16:00-19:00,2026-08-09,16:00-19:00,FDH-078,True
SLOT-FDH-078-5-09:00-12:00,2026-08-10,09:00-12:00,FDH-078,True
SLOT-FDH-078-5-13:00-16:00,2026-08-10,13:00-16:00,FDH-078,True
SLOT-FDH-078-5-16:00-19:00,2026-08-10,16:00-19:00,FDH-078,False
SLOT-FDH-078-6-09:00-12:00,2026-08-11,09:00-12:00,FDH-078,True
SLOT-FDH-078-6-13:00-16:00,2026-08-11,13:00-16:00,FDH-078,True
SLOT-FDH-078-6-16:00-19:00,2026-08-11,16:00-19:00,FDH-078,False
SLOT-FDH-078-7-09:00-12:00,2026-08-12,09:00-12:00,FDH-078,True
SLOT-FDH-078-7-13:00-16:00,2026-08-12,13:00-16:00,FDH-078,True
SLOT-FDH-078-7-16:00-19:00,2026-08-12,16:00-19:00,FDH-078,False
SLOT-FDH-078-8-09:00-12:00,2026-08-13,09:00-12:00,FDH-078,False
SLOT-FDH-078-8-13:00-16:00,2026-08-13,13:00-16:00,FDH-078,True
SLOT-FDH-078-8-16:00-19:00,2026-08-13,16:00-19:00,FDH-078,True
SLOT-FDH-078-9-09:00-12:00,2026-08-14,09:00-12:00,FDH-078,True
SLOT-FDH-078-9-13:00-16:00,2026-08-14,13:00-16:00,FDH-078,True
SLOT-FDH-078-9-16:00-19:00,2026-08-14,16:00-19:00,FDH-078,False
SLOT-FDH-078-10-09:00-12:00,2026-08-15,09:00-12:00,FDH-078,True
SLOT-FDH-078-10-13:00-16:00,2026-08-15,13:00-16:00,FDH-078,True
SLOT-FDH-078-10-16:00-19:00,2026-08-15,16:00-19:00,FDH-078,True
SLOT-FDH-078-11-09:00-12:00,2026-08-16,09:00-12:00,FDH-078,False
SLOT-FDH-078-11-13:00-16:00,2026-08-16,13:00-16:00,FDH-078,False
SLOT-FDH-078-11-16:00-19:00,2026-08-16,16:00-19:00,FDH-078,True
SLOT-FDH-078-12-09:00-12:00,2026-08-17,09:00-12:00,FDH-078,True
SLOT-FDH-078-12-13:00-16:00,2026-08-17,13:00-16:00,FDH-078,True
SLOT-FDH-078-12-16:00-19:00,2026-08-17,16:00-19:00,FDH-078,True
SLOT-FDH-078-13-09:00-12:00,2026-08-18,09:00-12:00,FDH-078,True
SLOT-FDH-078-13-13:00-16:00,2026-08-18,13:00-16:00,FDH-078,True
SLOT-FDH-078-13-16:00-19:00,2026-08-18,16:00-19:00,FDH-078,True
SLOT-FDH-079-0-09:00-12:00,2026-08-05,09:00-12:00,FDH-079,True
SLOT-FDH-079-0-13:00-16:00,2026-08-05,13:00-16:00,FDH-079,True
SLOT-FDH-079-0-16:00-19:00,2026-08-05,16:00-19:00,FDH-079,False
SLOT-FDH-079-1-09:00-12:00,2026-08-06,09:00-12:00,FDH-079,True
SLOT-FDH-079-1-13:00-16:00,2026-08-06,13:00-16:00,FDH-079,True
SLOT-FDH-079-1-16:00-19:00,2026-08-06,16:00-19:00,FDH-079,True
SLOT-FDH-079-2-09:00-12:00,2026-08-07,09:00-12:00,FDH-079,True
SLOT-FDH-079-2-13:00-16:00,2026-08-07,13:00-16:00,FDH-079,False
SLOT-FDH-079-2-16:00-19:00,2026-08-07,16:00-19:00,FDH-079,True
SLOT-FDH-079-3-09:00-12:00,2026-08-08,09:00-12:00,FDH-079,True
SLOT-FDH-079-3-13:00-16:00,2026-08-08,13:00-16:00,FDH-079,True
SLOT-FDH-079-3-16:00-19:00,2026-08-08,16:00-19:00,FDH-079,True
SLOT-FDH-079-4-09:00-12:00,2026-08-09,09:00-12:00,FDH-079,False
SLOT-FDH-079-4-13:00-16:00,2026-08-09,13:00-16:00,FDH-079,True
SLOT-FDH-079-4-16:00-19:00,2026-08-09,16:00-19:00,FDH-079,True
SLOT-FDH-079-5-09:00-12:00,2026-08-10,09:00-12:00,FDH-079,True
SLOT-FDH-079-5-13:00-16:00,2026-08-10,13:00-16:00,FDH-079,True
SLOT-FDH-079-5-16:00-19:00,2026-08-10,16:00-19:00,FDH-079,True
SLOT-FDH-079-6-09:00-12:00,2026-08-11,09:00-12:00,FDH-079,True
SLOT-FDH-079-6-13:00-16:00,2026-08-11,13:00-16:00,FDH-079,True
SLOT-FDH-079-6-16:00-19:00,2026-08-11,16:00-19:00,FDH-079,True
SLOT-FDH-079-7-09:00-12:00,2026-08-12,09:00-12:00,FDH-079,True
SLOT-FDH-079-7-13:00-16:00,2026-08-12,13:00-16:00,FDH-079,True
SLOT-FDH-079-7-16:00-19:00,2026-08-12,16:00-19:00,FDH-079,True
SLOT-FDH-079-8-09:00-12:00,2026-08-13,09:00-12:00,FDH-079,True
SLOT-FDH-079-8-13:00-16:00,2026-08-13,13:00-16:00,FDH-079,True
SLOT-FDH-079-8-16:00-19:00,2026-08-13,16:00-19:00,FDH-079,True
SLOT-FDH-079-9-09:00-12:00,2026-08-14,09:00-12:00,FDH-079,True
SLOT-FDH-079-9-13:00-16:00,2026-08-14,13:00-16:00,FDH-079,True
SLOT-FDH-079-9-16:00-19:00,2026-08-14,16:00-19:00,FDH-079,True
SLOT-FDH-079-10-09:00-12:00,2026-08-15,09:00-12:00,FDH-079,True
SLOT-FDH-079-10-13:00-16:00,2026-08-15,13:00-16:00,FDH-079,True
SLOT-FDH-079-10-16:00-19:00,2026-08-15,16:00-19:00,FDH-079,True
SLOT-FDH-079-11-09:00-12:00,2026-08-16,09:00-12:00,FDH-079,True
SLOT-FDH-079-11-13:00-16:00,2026-08-16,13:00-16:00,FDH-079,True
SLOT-FDH-079-11-16:00-19:00,2026-08-16,16:00-19:00,FDH-079,True
SLOT-FDH-079-12-09:00-12:00,2026-08-17,09:00-12:00,FDH-079,True
SLOT-FDH-079-12-13:00-16:00,2026-08-17,13:00-16:00,FDH-079,True
SLOT-FDH-079-12-16:00-19:00,2026-08-17,16:00-19:00,FDH-079,True
SLOT-FDH-079-13-09:00-12:00,2026-08-18,09:00-12:00,FDH-079,True
SLOT-FDH-079-13-13:00-16:00,2026-08-18,13:00-16:00,FDH-079,False
SLOT-FDH-079-13-16:00-19:00,2026-08-18,16:00-19:00,FDH-079,True
